,DRG,DRG NAME,DISCHARGES,Price,Hospital,Year
0,1,HEART TRANSPLANT OR IMPLANT OF HEART ASSIST SYSTEM W MCC,0,0.0,Madera Community Hospital,2019
1,1.1,TEST OF DRG EDIT,0,0.0,Madera Community Hospital,2019
2,2,HEART TRANSPLANT OR IMPLANT OF HEART ASSIST SYSTEM W/O MCC,0,0.0,Madera Community Hospital,2019
3,2.2,TEST IF THIS WILL UPDATE ALSO IN 4.7 DIRECTORY,0,0.0,Madera Community Hospital,2019
4,3,"ECMO OR TRACH W MV >96 HRS OR PDX EXC FACE, MOUTH & NECK W MAJ O.R.",2,464674.8,Madera Community Hospital,2019
5,4,"TRACH W MV >96 HRS OR PDX EXC FACE, MOUTH & NECK W/O MAJ O.R.",0,0.0,Madera Community Hospital,2019
6,4.5,psych code test,0,0.0,Madera Community Hospital,2019
7,5,LIVER TRANSPLANT W MCC OR INTESTINAL TRANSPLANT,0,0.0,Madera Community Hospital,2019
8,6,LIVER TRANSPLANT W/O MCC,0,0.0,Madera Community Hospital,2019
9,7,LUNG TRANSPLANT,0,0.0,Madera Community Hospital,2019
10,8,SIMULTANEOUS PANCREAS/KIDNEY TRANSPLANT,0,0.0,Madera Community Hospital,2019
11,10,PANCREAS TRANSPLANT,0,0.0,Madera Community Hospital,2019
12,11,"TRACHEOSTOMY FOR FACE, MOUTH & NECK DIAGNOSES OR LARYNGECTOMY W MCC",0,0.0,Madera Community Hospital,2019
13,12,"TRACHEOSTOMY FOR FACE, MOUTH & NECK DIAGNOSES OR LARYNGECTOMY W CC",0,0.0,Madera Community Hospital,2019
14,13,"TRACHEOSTOMY FOR FACE, MOUTH & NECK DIAGNOSES OR LARYNGECTOMY W/O CC/M",0,0.0,Madera Community Hospital,2019
15,14,ALLOGENEIC BONE MARROW TRANSPLANT,0,0.0,Madera Community Hospital,2019
16,16,AUTOLOGOUS BONE MARROW TRANSPLANT  W CC/MCC OR T-CELL IMMUNOTHERAPY,0,0.0,Madera Community Hospital,2019
17,17,AUTOLOGOUS BONE MARROW TRANSPLANT W/O CC/MCC,0,0.0,Madera Community Hospital,2019
18,19,CRANIAL & PERIPHERAL NERVE DISORDERS W/O CC,0,0.0,Madera Community Hospital,2019
19,20,INTRACRANIAL VASCULAR PROCEDURES W PDX HEMORRHAGE W MCC,0,0.0,Madera Community Hospital,2019
20,21,INTRACRANIAL VASCULAR PROCEDURES W PDX HEMORRHAGE W CC,0,0.0,Madera Community Hospital,2019
21,22,INTRACRANIAL VASCULAR PROCEDURES W PDX HEMORRHAGE W/O CC/MCC,0,0.0,Madera Community Hospital,2019
22,23,CRANIOTOMY W MAJOR DEVICE IMPLANT OR ACUTE COMPLEX CNS PDX W MCC OR CH,0,0.0,Madera Community Hospital,2019
23,24,CRANIO W MAJOR DEV IMPL/ACUTE COMPLEX CNS PDX W/O MCC,0,0.0,Madera Community Hospital,2019
24,25,CRANIOTOMY & ENDOVASCULAR INTRACRANIAL PROCEDURES W MCC,0,0.0,Madera Community Hospital,2019
25,26,CRANIOTOMY & ENDOVASCULAR INTRACRANIAL PROCEDURES W CC,0,0.0,Madera Community Hospital,2019
26,27,CRANIOTOMY & ENDOVASCULAR INTRACRANIAL PROCEDURES W/O CC/MCC,0,0.0,Madera Community Hospital,2019
27,28,SPINAL PROCEDURES W MCC,0,0.0,Madera Community Hospital,2019
28,29,SPINAL PROCEDURES W CC OR SPINAL NEUROSTIMULATORS,0,0.0,Madera Community Hospital,2019
29,30,SPINAL PROCEDURES W/O CC/MCC,0,0.0,Madera Community Hospital,2019
30,31,VENTRICULAR SHUNT PROCEDURES W MCC,0,0.0,Madera Community Hospital,2019
31,32,VENTRICULAR SHUNT PROCEDURES W CC,0,0.0,Madera Community Hospital,2019
32,33,VENTRICULAR SHUNT PROCEDURES W/O CC/MCC,0,0.0,Madera Community Hospital,2019
33,34,CAROTID ARTERY STENT PROCEDURE W MCC,0,0.0,Madera Community Hospital,2019
34,35,CAROTID ARTERY STENT PROCEDURE W CC,0,0.0,Madera Community Hospital,2019
35,36,CAROTID ARTERY STENT PROCEDURE W/O CC/MCC,0,0.0,Madera Community Hospital,2019
36,37,EXTRACRANIAL PROCEDURES W MCC,1,57278.51,Madera Community Hospital,2019
37,38,EXTRACRANIAL PROCEDURES W CC,0,0.0,Madera Community Hospital,2019
38,39,EXTRACRANIAL PROCEDURES W/O CC/MCC,1,39520.7,Madera Community Hospital,2019
39,40,PERIPH/CRANIAL NERVE & OTHER NERV SYST PROC W MCC,0,0.0,Madera Community Hospital,2019
40,41,PERIPH/CRANIAL NERVE & OTHER NERV SYST PROC W CC OR PERIPH NEUROSTIM,0,0.0,Madera Community Hospital,2019
41,42,PERIPH/CRANIAL NERVE & OTHER NERV SYST PROC W/O CC/MCC,0,0.0,Madera Community Hospital,2019
42,43,HYPHEMA,0,0.0,Madera Community Hospital,2019
43,44,ACUTE MAJOR EYE INFECTIONS,0,0.0,Madera Community Hospital,2019
44,45,NEUROLOGICAL EYE DISORDERS,0,0.0,Madera Community Hospital,2019
45,46,OTHER DISORDERS OF THE EYE AGE >17 W CC,0,0.0,Madera Community Hospital,2019
46,47,OTHER DISORDERS OF THE EYE AGE >17 W/O CC,0,0.0,Madera Community Hospital,2019
47,48,OTHER DISORDERS OF THE EYE AGE 0-17,0,0.0,Madera Community Hospital,2019
48,49,MAJOR HEAD & NECK PROCEDURES,0,0.0,Madera Community Hospital,2019
49,50,SIALOADENECTOMY,0,0.0,Madera Community Hospital,2019
50,51,SALIVARY GLAND PROCEDURES EXCEPT SIALOADENECTOMY,0,0.0,Madera Community Hospital,2019
51,52,SPINAL DISORDERS & INJURIES W CC/MCC,0,0.0,Madera Community Hospital,2019
52,53,SPINAL DISORDERS & INJURIES W/O CC/MCC,0,0.0,Madera Community Hospital,2019
53,54,NERVOUS SYSTEM NEOPLASMS W MCC,0,0.0,Madera Community Hospital,2019
54,55,NERVOUS SYSTEM NEOPLASMS W/O MCC,0,0.0,Madera Community Hospital,2019
55,56,DEGENERATIVE NERVOUS SYSTEM DISORDERS W MCC,0,0.0,Madera Community Hospital,2019
56,57,DEGENERATIVE NERVOUS SYSTEM DISORDERS W/O MCC,3,13445.29,Madera Community Hospital,2019
57,58,MULTIPLE SCLEROSIS & CEREBELLAR ATAXIA W MCC,0,0.0,Madera Community Hospital,2019
58,59,MULTIPLE SCLEROSIS & CEREBELLAR ATAXIA W CC,0,0.0,Madera Community Hospital,2019
59,60,MULTIPLE SCLEROSIS & CEREBELLAR ATAXIA W/O CC/MCC,0,0.0,Madera Community Hospital,2019
60,61,"ISCHEMIC STROKE, PRECEREBRAL OCCLUSION OR TRANSIENT ISCHEMIA W THROMBO",0,0.0,Madera Community Hospital,2019
61,62,"ISCHEMIC STROKE, PRECEREBRAL OCCLUSION OR TRANSIENT ISCHEMIA W THROMBO",1,18422.87,Madera Community Hospital,2019
62,63,"ISCHEMIC STROKE, PRECEREBRAL OCCLUSION OR TRANSIENT ISCHEMIA W THROMBO",0,0.0,Madera Community Hospital,2019
63,64,INTRACRANIAL HEMORRHAGE OR CEREBRAL INFARCTION W MCC,9,20923.6,Madera Community Hospital,2019
64,65,INTRACRANIAL HEMORRHAGE OR CEREBRAL INFARCTION W CC OR TPA IN 24 HRS,14,13868.26,Madera Community Hospital,2019
65,66,INTRACRANIAL HEMORRHAGE OR CEREBRAL INFARCTION W/O CC/MCC,10,14949.29,Madera Community Hospital,2019
66,67,NONSPECIFIC CVA & PRECEREBRAL OCCLUSION W/O INFARCT W MCC,0,0.0,Madera Community Hospital,2019
67,68,NONSPECIFIC CVA & PRECEREBRAL OCCLUSION W/O INFARCT W/O MCC,0,0.0,Madera Community Hospital,2019
68,69,TRANSIENT ISCHEMIA W/O THROMBOLYTIC,19,11018.1,Madera Community Hospital,2019
69,70,NONSPECIFIC CEREBROVASCULAR DISORDERS W MCC,7,61605.07,Madera Community Hospital,2019
70,71,NONSPECIFIC CEREBROVASCULAR DISORDERS W CC,9,14903.66,Madera Community Hospital,2019
71,72,NONSPECIFIC CEREBROVASCULAR DISORDERS W/O CC/MCC,0,0.0,Madera Community Hospital,2019
72,73,CRANIAL & PERIPHERAL NERVE DISORDERS W MCC,0,0.0,Madera Community Hospital,2019
73,74,CRANIAL & PERIPHERAL NERVE DISORDERS W/O MCC,2,13915.18,Madera Community Hospital,2019
74,75,VIRAL MENINGITIS W CC/MCC,0,0.0,Madera Community Hospital,2019
75,76,VIRAL MENINGITIS W/O CC/MCC,0,0.0,Madera Community Hospital,2019
76,77,HYPERTENSIVE ENCEPHALOPATHY W MCC,1,16528.35,Madera Community Hospital,2019
77,78,HYPERTENSIVE ENCEPHALOPATHY W CC,1,31922.85,Madera Community Hospital,2019
78,79,HYPERTENSIVE ENCEPHALOPATHY W/O CC/MCC,0,0.0,Madera Community Hospital,2019
79,80,NONTRAUMATIC STUPOR & COMA W MCC,0,0.0,Madera Community Hospital,2019
80,81,NONTRAUMATIC STUPOR & COMA W/O MCC,0,0.0,Madera Community Hospital,2019
81,82,"TRAUMATIC STUPOR & COMA, COMA >1 HR W MCC",0,0.0,Madera Community Hospital,2019
82,83,"TRAUMATIC STUPOR & COMA, COMA >1 HR W CC",0,0.0,Madera Community Hospital,2019
83,84,"TRAUMATIC STUPOR & COMA, COMA >1 HR W/O CC/MCC",0,0.0,Madera Community Hospital,2019
84,85,"TRAUMATIC STUPOR & COMA, COMA <1 HR W MCC",0,0.0,Madera Community Hospital,2019
85,86,"TRAUMATIC STUPOR & COMA, COMA <1 HR W CC",0,0.0,Madera Community Hospital,2019
86,87,"TRAUMATIC STUPOR & COMA, COMA <1 HR W/O CC/MCC",1,15199.74,Madera Community Hospital,2019
87,88,CONCUSSION W MCC,0,0.0,Madera Community Hospital,2019
88,89,CONCUSSION W CC,1,10950.05,Madera Community Hospital,2019
89,90,CONCUSSION W/O CC/MCC,0,0.0,Madera Community Hospital,2019
90,91,OTHER DISORDERS OF NERVOUS SYSTEM W MCC,5,29186.86,Madera Community Hospital,2019
91,92,OTHER DISORDERS OF NERVOUS SYSTEM W CC,3,8643.66,Madera Community Hospital,2019
92,93,OTHER DISORDERS OF NERVOUS SYSTEM W/O CC/MCC,4,11229.5,Madera Community Hospital,2019
93,94,BACTERIAL & TUBERCULOUS INFECTIONS OF NERVOUS SYSTEM W MCC,0,0.0,Madera Community Hospital,2019
94,95,BACTERIAL & TUBERCULOUS INFECTIONS OF NERVOUS SYSTEM W CC,0,0.0,Madera Community Hospital,2019
95,96,BACTERIAL & TUBERCULOUS INFECTIONS OF NERVOUS SYSTEM W/O CC/MCC,0,0.0,Madera Community Hospital,2019
96,97,NON-BACTERIAL INFECT OF NERVOUS SYS EXC VIRAL MENINGITIS W MCC,2,86748.96,Madera Community Hospital,2019
97,98,NON-BACTERIAL INFECT OF NERVOUS SYS EXC VIRAL MENINGITIS W CC,2,12370.76,Madera Community Hospital,2019
98,99,NON-BACTERIAL INFECT OF NERVOUS SYS EXC VIRAL MENINGITIS W/O CC/MCC,0,0.0,Madera Community Hospital,2019
99,51,TESTING 4.3 ABS-05/01/92-ECW,0,0.0,Madera Community Hospital,2019
100,100,SEIZURES W MCC,7,19360.04,Madera Community Hospital,2019
101,101,SEIZURES W/O MCC,13,10754.99,Madera Community Hospital,2019
102,102,HEADACHES W MCC,0,0.0,Madera Community Hospital,2019
103,103,HEADACHES W/O MCC,1,11503.73,Madera Community Hospital,2019
104,104,CARDIAC VALVE & OTHER MAJOR CARDIOTHORACIC PROC W CARDIAC CATH,0,0.0,Madera Community Hospital,2019
105,105,CARDIAC VALVE & OTHER MAJOR CARDIOTHORACIC PROC W/O CARDIAC CATH,0,0.0,Madera Community Hospital,2019
106,106,CORONARY BYPASS W PTCA,0,0.0,Madera Community Hospital,2019
107,108,OTHER CARDIOTHORACIC PROCEDURES,0,0.0,Madera Community Hospital,2019
108,110,MAJOR CARDIOVASCULAR PROCEDURES W CC,0,0.0,Madera Community Hospital,2019
109,111,MAJOR CARDIOVASCULAR PROCEDURES W/O CC,0,0.0,Madera Community Hospital,2019
110,113,ORBITAL PROCEDURES W CC/MCC,0,0.0,Madera Community Hospital,2019
111,114,ORBITAL PROCEDURES W/O CC/MCC,0,0.0,Madera Community Hospital,2019
112,115,EXTRAOCULAR PROCEDURES EXCEPT ORBIT,0,0.0,Madera Community Hospital,2019
113,116,INTRAOCULAR PROCEDURES W CC/MCC,0,0.0,Madera Community Hospital,2019
114,117,INTRAOCULAR PROCEDURES W/O CC/MCC,0,0.0,Madera Community Hospital,2019
115,118,CARDIAC PACEMAKER DEVICE REPLACEMENT,0,0.0,Madera Community Hospital,2019
116,119,VEIN LIGATION & STRIPPING,0,0.0,Madera Community Hospital,2019
117,120,OTHER CIRCULATORY SYSTEM O.R. PROCEDURES,0,0.0,Madera Community Hospital,2019
118,121,ACUTE MAJOR EYE INFECTIONS W CC/MCC,0,0.0,Madera Community Hospital,2019
119,122,ACUTE MAJOR EYE INFECTIONS W/O CC/MCC,0,0.0,Madera Community Hospital,2019
120,123,NEUROLOGICAL EYE DISORDERS,1,8948.71,Madera Community Hospital,2019
121,124,OTHER DISORDERS OF THE EYE W MCC,0,0.0,Madera Community Hospital,2019
122,125,OTHER DISORDERS OF THE EYE W/O MCC,0,0.0,Madera Community Hospital,2019
123,126,ACUTE & SUBACUTE ENDOCARDITIS,0,0.0,Madera Community Hospital,2019
124,127,HEART FAILURE & SHOCK,0,0.0,Madera Community Hospital,2019
125,128,DEEP VEIN THROMBOPHLEBITIS,0,0.0,Madera Community Hospital,2019
126,129,MAJOR HEAD & NECK PROCEDURES W CC/MCC OR MAJOR DEVICE,0,0.0,Madera Community Hospital,2019
127,130,MAJOR HEAD & NECK PROCEDURES W/O CC/MCC,0,0.0,Madera Community Hospital,2019
128,131,CRANIAL/FACIAL PROCEDURES W CC/MCC,0,0.0,Madera Community Hospital,2019
129,132,CRANIAL/FACIAL PROCEDURES W/O CC/MCC,0,0.0,Madera Community Hospital,2019
130,133,"OTHER EAR, NOSE, MOUTH & THROAT O.R. PROCEDURES W CC/MCC",0,0.0,Madera Community Hospital,2019
131,134,"OTHER EAR, NOSE, MOUTH & THROAT O.R. PROCEDURES W/O CC/MCC",0,0.0,Madera Community Hospital,2019
132,135,SINUS & MASTOID PROCEDURES W CC/MCC,0,0.0,Madera Community Hospital,2019
133,136,SINUS & MASTOID PROCEDURES W/O CC/MCC,0,0.0,Madera Community Hospital,2019
134,137,MOUTH PROCEDURES W CC/MCC,0,0.0,Madera Community Hospital,2019
135,138,MOUTH PROCEDURES W/O CC/MCC,0,0.0,Madera Community Hospital,2019
136,139,SALIVARY GLAND PROCEDURES,0,0.0,Madera Community Hospital,2019
137,140,ANGINA PECTORIS,0,0.0,Madera Community Hospital,2019
138,141,SYNCOPE & COLLAPSE W CC,0,0.0,Madera Community Hospital,2019
139,142,SYNCOPE & COLLAPSE W/O CC,0,0.0,Madera Community Hospital,2019
140,143,CHEST PAIN,0,0.0,Madera Community Hospital,2019
141,144,OTHER CIRCULATORY SYSTEM DIAGNOSES W CC,0,0.0,Madera Community Hospital,2019
142,145,OTHER CIRCULATORY SYSTEM DIAGNOSES W/O CC,0,0.0,Madera Community Hospital,2019
143,146,"EAR, NOSE, MOUTH & THROAT MALIGNANCY W MCC",0,0.0,Madera Community Hospital,2019
144,147,"EAR, NOSE, MOUTH & THROAT MALIGNANCY W CC",0,0.0,Madera Community Hospital,2019
145,148,"EAR, NOSE, MOUTH & THROAT MALIGNANCY W/O CC/MCC",0,0.0,Madera Community Hospital,2019
146,149,DYSEQUILIBRIUM,4,8652.86,Madera Community Hospital,2019
147,150,EPISTAXIS W MCC,0,0.0,Madera Community Hospital,2019
148,151,EPISTAXIS W/O MCC,1,6148.14,Madera Community Hospital,2019
149,152,OTITIS MEDIA & URI W MCC,0,0.0,Madera Community Hospital,2019
150,153,OTITIS MEDIA & URI W/O MCC,3,17169.04,Madera Community Hospital,2019
151,154,"OTHER EAR, NOSE, MOUTH & THROAT DIAGNOSES W MCC",1,10802.91,Madera Community Hospital,2019
152,155,"OTHER EAR, NOSE, MOUTH & THROAT DIAGNOSES W CC",0,0.0,Madera Community Hospital,2019
153,156,"OTHER EAR, NOSE, MOUTH & THROAT DIAGNOSES W/O CC/MCC",0,0.0,Madera Community Hospital,2019
154,157,DENTAL & ORAL DISEASES W MCC,0,0.0,Madera Community Hospital,2019
155,158,DENTAL & ORAL DISEASES W CC,1,7986.75,Madera Community Hospital,2019
156,159,DENTAL & ORAL DISEASES W/O CC/MCC,0,0.0,Madera Community Hospital,2019
157,160,HERNIA PROCEDURES EXCEPT INGUINAL & FEMORAL AGE >17 W/O CC,0,0.0,Madera Community Hospital,2019
158,161,INGUINAL & FEMORAL HERNIA PROCEDURES AGE >17 W CC,0,0.0,Madera Community Hospital,2019
159,162,INGUINAL & FEMORAL HERNIA PROCEDURES AGE >17 W/O CC,0,0.0,Madera Community Hospital,2019
160,163,MAJOR CHEST PROCEDURES W MCC,8,137084.65,Madera Community Hospital,2019
161,164,MAJOR CHEST PROCEDURES W CC,0,0.0,Madera Community Hospital,2019
162,165,MAJOR CHEST PROCEDURES W/O CC/MCC,0,0.0,Madera Community Hospital,2019
163,166,OTHER RESP SYSTEM O.R. PROCEDURES W MCC,1,127593.09,Madera Community Hospital,2019
164,167,OTHER RESP SYSTEM O.R. PROCEDURES W CC,2,9533.97,Madera Community Hospital,2019
165,168,OTHER RESP SYSTEM O.R. PROCEDURES W/O CC/MCC,0,0.0,Madera Community Hospital,2019
166,169,MOUTH PROCEDURES W/O CC,0,0.0,Madera Community Hospital,2019
167,170,OTHER DIGESTIVE SYSTEM O.R. PROCEDURES W CC,0,0.0,Madera Community Hospital,2019
168,171,OTHER DIGESTIVE SYSTEM O.R. PROCEDURES W/O CC,0,0.0,Madera Community Hospital,2019
169,172,DIGESTIVE MALIGNANCY W CC,0,0.0,Madera Community Hospital,2019
170,173,DIGESTIVE MALIGNANCY W/O CC,0,0.0,Madera Community Hospital,2019
171,174,G.I. HEMORRHAGE W CC,0,0.0,Madera Community Hospital,2019
172,175,PULMONARY EMBOLISM W MCC,7,26704.4,Madera Community Hospital,2019
173,176,PULMONARY EMBOLISM W/O MCC,10,26304.41,Madera Community Hospital,2019
174,177,RESPIRATORY INFECTIONS & INFLAMMATIONS W MCC,8,50408.67,Madera Community Hospital,2019
175,178,RESPIRATORY INFECTIONS & INFLAMMATIONS W CC,5,25705.4,Madera Community Hospital,2019
176,179,RESPIRATORY INFECTIONS & INFLAMMATIONS W/O CC/MCC,3,19516.49,Madera Community Hospital,2019
177,180,RESPIRATORY NEOPLASMS W MCC,3,29132.17,Madera Community Hospital,2019
178,181,RESPIRATORY NEOPLASMS W CC,4,20909.04,Madera Community Hospital,2019
179,182,RESPIRATORY NEOPLASMS W/O CC/MCC,0,0.0,Madera Community Hospital,2019
180,183,MAJOR CHEST TRAUMA W MCC,0,0.0,Madera Community Hospital,2019
181,184,MAJOR CHEST TRAUMA W CC,0,0.0,Madera Community Hospital,2019
182,185,MAJOR CHEST TRAUMA W/O CC/MCC,0,0.0,Madera Community Hospital,2019
183,186,PLEURAL EFFUSION W MCC,5,36087.36,Madera Community Hospital,2019
184,187,PLEURAL EFFUSION W CC,2,22034.28,Madera Community Hospital,2019
185,188,PLEURAL EFFUSION W/O CC/MCC,1,9188.51,Madera Community Hospital,2019
186,189,PULMONARY EDEMA & RESPIRATORY FAILURE,75,21124.83,Madera Community Hospital,2019
187,190,CHRONIC OBSTRUCTIVE PULMONARY DISEASE W MCC,41,22018.55,Madera Community Hospital,2019
188,191,CHRONIC OBSTRUCTIVE PULMONARY DISEASE W CC,19,20830.91,Madera Community Hospital,2019
189,192,CHRONIC OBSTRUCTIVE PULMONARY DISEASE W/O CC/MCC,5,10890.31,Madera Community Hospital,2019
190,193,SIMPLE PNEUMONIA & PLEURISY W MCC,29,25047.05,Madera Community Hospital,2019
191,194,SIMPLE PNEUMONIA & PLEURISY W CC,23,14069.01,Madera Community Hospital,2019
192,195,SIMPLE PNEUMONIA & PLEURISY W/O CC/MCC,5,14661.66,Madera Community Hospital,2019
193,196,INTERSTITIAL LUNG DISEASE W MCC,0,0.0,Madera Community Hospital,2019
194,197,INTERSTITIAL LUNG DISEASE W CC,0,0.0,Madera Community Hospital,2019
195,198,INTERSTITIAL LUNG DISEASE W/O CC/MCC,0,0.0,Madera Community Hospital,2019
196,199,PNEUMOTHORAX W MCC,3,17956.01,Madera Community Hospital,2019
197,200,PNEUMOTHORAX W CC,0,0.0,Madera Community Hospital,2019
198,201,PNEUMOTHORAX W/O CC/MCC,0,0.0,Madera Community Hospital,2019
199,202,BRONCHITIS & ASTHMA W CC/MCC,8,10960.33,Madera Community Hospital,2019
200,203,BRONCHITIS & ASTHMA W/O CC/MCC,4,9982.14,Madera Community Hospital,2019
201,204,RESPIRATORY SIGNS & SYMPTOMS,7,10355.16,Madera Community Hospital,2019
202,205,OTHER RESPIRATORY SYSTEM DIAGNOSES W MCC,2,12517.88,Madera Community Hospital,2019
203,206,OTHER RESPIRATORY SYSTEM DIAGNOSES W/O MCC,2,25473.18,Madera Community Hospital,2019
204,207,RESPIRATORY SYSTEM DIAGNOSIS W VENTILATOR SUPPORT >96 HOURS OR PERIPHE,7,88548.71,Madera Community Hospital,2019
205,208,RESPIRATORY SYSTEM DIAGNOSIS W VENTILATOR SUPPORT <=96 HOURS,19,52891.26,Madera Community Hospital,2019
206,210,HIP & FEMUR PROCEDURES EXCEPT MAJOR JOINT AGE >17 W CC,0,0.0,Madera Community Hospital,2019
207,211,HIP & FEMUR PROCEDURES EXCEPT MAJOR JOINT AGE >17 W/O CC,0,0.0,Madera Community Hospital,2019
208,212,HIP & FEMUR PROCEDURES EXCEPT MAJOR JOINT AGE 0-17,0,0.0,Madera Community Hospital,2019
209,213,AMPUTATION FOR MUSCULOSKELETAL SYSTEM & CONN TISSUE DISORDERS,0,0.0,Madera Community Hospital,2019
210,215,OTHER HEART ASSIST SYSTEM IMPLANT,0,0.0,Madera Community Hospital,2019
211,216,CARDIAC VALVE & OTH MAJ CARDIOTHORACIC PROC W CARD CATH W MCC,0,0.0,Madera Community Hospital,2019
212,217,CARDIAC VALVE & OTH MAJ CARDIOTHORACIC PROC W CARD CATH W CC,0,0.0,Madera Community Hospital,2019
213,218,CARDIAC VALVE & OTH MAJ CARDIOTHORACIC PROC W CARD CATH W/O CC/MCC,0,0.0,Madera Community Hospital,2019
214,219,CARDIAC VALVE & OTH MAJ CARDIOTHORACIC PROC W/O CARD CATH W MCC,0,0.0,Madera Community Hospital,2019
215,220,CARDIAC VALVE & OTH MAJ CARDIOTHORACIC PROC W/O CARD CATH W CC,0,0.0,Madera Community Hospital,2019
216,221,CARDIAC VALVE & OTH MAJ CARDIOTHORACIC PROC W/O CARD CATH W/O CC/MCC,0,0.0,Madera Community Hospital,2019
217,222,CARDIAC DEFIB IMPLANT W CARDIAC CATH W AMI/HF/SHOCK W MCC,0,0.0,Madera Community Hospital,2019
218,223,CARDIAC DEFIB IMPLANT W CARDIAC CATH W AMI/HF/SHOCK W/O MCC,0,0.0,Madera Community Hospital,2019
219,224,CARDIAC DEFIB IMPLANT W CARDIAC CATH W/O AMI/HF/SHOCK W MCC,0,0.0,Madera Community Hospital,2019
220,225,CARDIAC DEFIB IMPLANT W CARDIAC CATH W/O AMI/HF/SHOCK W/O MCC,0,0.0,Madera Community Hospital,2019
221,226,CARDIAC DEFIBRILLATOR IMPLANT W/O CARDIAC CATH W MCC,0,0.0,Madera Community Hospital,2019
222,227,CARDIAC DEFIBRILLATOR IMPLANT W/O CARDIAC CATH W/O MCC,0,0.0,Madera Community Hospital,2019
223,228,OTHER CARDIOTHORACIC PROCEDURES W MCC,0,0.0,Madera Community Hospital,2019
224,229,OTHER CARDIOTHORACIC PROCEDURES W/O MCC,0,0.0,Madera Community Hospital,2019
225,231,CORONARY BYPASS W PTCA W MCC,0,0.0,Madera Community Hospital,2019
226,232,CORONARY BYPASS W PTCA W/O MCC,0,0.0,Madera Community Hospital,2019
227,233,CORONARY BYPASS W CARDIAC CATH W MCC,0,0.0,Madera Community Hospital,2019
228,234,CORONARY BYPASS W CARDIAC CATH W/O MCC,0,0.0,Madera Community Hospital,2019
229,235,CORONARY BYPASS W/O CARDIAC CATH W MCC,0,0.0,Madera Community Hospital,2019
230,236,CORONARY BYPASS W/O CARDIAC CATH W/O MCC,0,0.0,Madera Community Hospital,2019
231,237,MAJOR CARDIOVASC PROCEDURES W MCC,0,0.0,Madera Community Hospital,2019
232,238,MAJOR CARDIOVASC PROCEDURES W/O MCC,0,0.0,Madera Community Hospital,2019
233,239,AMPUTATION FOR CIRC SYS DISORDERS EXC UPPER LIMB & TOE W MCC,0,0.0,Madera Community Hospital,2019
234,240,AMPUTATION FOR CIRC SYS DISORDERS EXC UPPER LIMB & TOE W CC,0,0.0,Madera Community Hospital,2019
235,241,AMPUTATION FOR CIRC SYS DISORDERS EXC UPPER LIMB & TOE W/O CC/MCC,0,0.0,Madera Community Hospital,2019
236,242,PERMANENT CARDIAC PACEMAKER IMPLANT W MCC,3,59719.37,Madera Community Hospital,2019
237,243,PERMANENT CARDIAC PACEMAKER IMPLANT W CC,3,64805.54,Madera Community Hospital,2019
238,244,PERMANENT CARDIAC PACEMAKER IMPLANT W/O CC/MCC,2,46136.55,Madera Community Hospital,2019
239,245,AICD GENERATOR PROCEDURES,0,0.0,Madera Community Hospital,2019
240,246,PERCUTANEOUS CARDIOVASCULAR PROCEDURES W DRUG-ELUTING STENT W MCC OR 4,0,0.0,Madera Community Hospital,2019
241,247,PERC CARDIOVASC PROC W DRUG-ELUTING STENT W/O MCC,0,0.0,Madera Community Hospital,2019
242,248,PERCUTANEOUS CARDIOVASCULAR PROCEDURES W NON-DRUG-ELUTING STENT W MCC,0,0.0,Madera Community Hospital,2019
243,249,PERC CARDIOVASC PROC W NON-DRUG-ELUTING STENT W/O MCC,0,0.0,Madera Community Hospital,2019
244,250,PERC CARDIOVASC PROC W/O CORONARY ARTERY STENT W MCC,0,0.0,Madera Community Hospital,2019
245,251,PERC CARDIOVASC PROC W/O CORONARY ARTERY STENT W/O MCC,0,0.0,Madera Community Hospital,2019
246,252,OTHER VASCULAR PROCEDURES W MCC,0,0.0,Madera Community Hospital,2019
247,253,OTHER VASCULAR PROCEDURES W CC,1,64915.85,Madera Community Hospital,2019
248,254,OTHER VASCULAR PROCEDURES W/O CC/MCC,1,26506.89,Madera Community Hospital,2019
249,255,UPPER LIMB & TOE AMPUTATION FOR CIRC SYSTEM DISORDERS W MCC,1,42516.85,Madera Community Hospital,2019
250,256,UPPER LIMB & TOE AMPUTATION FOR CIRC SYSTEM DISORDERS W CC,0,0.0,Madera Community Hospital,2019
251,257,UPPER LIMB & TOE AMPUTATION FOR CIRC SYSTEM DISORDERS W/O CC/MCC,0,0.0,Madera Community Hospital,2019
252,258,CARDIAC PACEMAKER DEVICE REPLACEMENT W MCC,0,0.0,Madera Community Hospital,2019
253,259,CARDIAC PACEMAKER DEVICE REPLACEMENT W/O MCC,1,31799.36,Madera Community Hospital,2019
254,260,CARDIAC PACEMAKER REVISION EXCEPT DEVICE REPLACEMENT W MCC,0,0.0,Madera Community Hospital,2019
255,261,CARDIAC PACEMAKER REVISION EXCEPT DEVICE REPLACEMENT W CC,0,0.0,Madera Community Hospital,2019
256,262,CARDIAC PACEMAKER REVISION EXCEPT DEVICE REPLACEMENT W/O CC/MCC,0,0.0,Madera Community Hospital,2019
257,263,VEIN LIGATION & STRIPPING,1,18665.94,Madera Community Hospital,2019
258,264,OTHER CIRCULATORY SYSTEM O.R. PROCEDURES,1,75345.33,Madera Community Hospital,2019
259,265,AICD LEAD PROCEDURES,0,0.0,Madera Community Hospital,2019
260,266,ENDOVASCULAR CARDIAC VALVE REPLACEMENT W MCC,0,0.0,Madera Community Hospital,2019
261,267,ENDOVASCULAR CARDIAC VALVE REPLACEMENT W/O MCC,0,0.0,Madera Community Hospital,2019
262,268,AORTIC AND HEART ASSIST PROCEDURES EXCEPT PULSATION BALLOON W MCC,0,0.0,Madera Community Hospital,2019
263,269,AORTIC AND HEART ASSIST PROCEDURES EXCEPT PULSATION BALLOON W/O MCC,0,0.0,Madera Community Hospital,2019
264,270,OTHER MAJOR CARDIOVASCULAR PROCEDURES W MCC,0,0.0,Madera Community Hospital,2019
265,271,OTHER MAJOR CARDIOVASCULAR PROCEDURES W CC,0,0.0,Madera Community Hospital,2019
266,272,OTHER MAJOR CARDIOVASCULAR PROCEDURES W/O CC/MCC,0,0.0,Madera Community Hospital,2019
267,273,PERCUTANEOUS INTRACARDIAC PROCEDURES W MCC,0,0.0,Madera Community Hospital,2019
268,274,PERCUTANEOUS INTRACARDIAC PROCEDURES W/O MCC,0,0.0,Madera Community Hospital,2019
269,275,MALIGNANT BREAST DISORDERS W/O CC,0,0.0,Madera Community Hospital,2019
270,276,NON-MALIGNANT BREAST DISORDERS,0,0.0,Madera Community Hospital,2019
271,277,CELLULITIS AGE >17 W CC,0,0.0,Madera Community Hospital,2019
272,278,CELLULITIS AGE >17 W/O CC,0,0.0,Madera Community Hospital,2019
273,279,CELLULITIS AGE 0-17,0,0.0,Madera Community Hospital,2019
274,280,"ACUTE MYOCARDIAL INFARCTION, DISCHARGED ALIVE W MCC",20,24613.09,Madera Community Hospital,2019
275,281,"ACUTE MYOCARDIAL INFARCTION, DISCHARGED ALIVE W CC",21,18757.59,Madera Community Hospital,2019
276,282,"ACUTE MYOCARDIAL INFARCTION, DISCHARGED ALIVE W/O CC/MCC",12,11481.14,Madera Community Hospital,2019
277,283,"ACUTE MYOCARDIAL INFARCTION, EXPIRED W MCC",1,15371.62,Madera Community Hospital,2019
278,284,"ACUTE MYOCARDIAL INFARCTION, EXPIRED W CC",0,0.0,Madera Community Hospital,2019
279,285,"ACUTE MYOCARDIAL INFARCTION, EXPIRED W/O CC/MCC",0,0.0,Madera Community Hospital,2019
280,286,"CIRCULATORY DISORDERS EXCEPT AMI, W CARD CATH W MCC",0,0.0,Madera Community Hospital,2019
281,287,"CIRCULATORY DISORDERS EXCEPT AMI, W CARD CATH W/O MCC",0,0.0,Madera Community Hospital,2019
282,288,ACUTE & SUBACUTE ENDOCARDITIS W MCC,0,0.0,Madera Community Hospital,2019
283,289,ACUTE & SUBACUTE ENDOCARDITIS W CC,0,0.0,Madera Community Hospital,2019
284,290,ACUTE & SUBACUTE ENDOCARDITIS W/O CC/MCC,0,0.0,Madera Community Hospital,2019
285,291,HEART FAILURE & SHOCK W MCC OR PERIPHERAL EXTRACORPOREAL MEMBRANE OXYG,112,24768.29,Madera Community Hospital,2019
286,292,HEART FAILURE & SHOCK W CC,26,15823.33,Madera Community Hospital,2019
287,293,HEART FAILURE & SHOCK W/O CC/MCC,11,12806.3,Madera Community Hospital,2019
288,294,DEEP VEIN THROMBOPHLEBITIS W CC/MCC,0,0.0,Madera Community Hospital,2019
289,295,DEEP VEIN THROMBOPHLEBITIS W/O CC/MCC,0,0.0,Madera Community Hospital,2019
290,296,"CARDIAC ARREST, UNEXPLAINED W MCC OR PERIPHERAL EXTRACORPOREAL MEMBRAN",0,0.0,Madera Community Hospital,2019
291,297,"CARDIAC ARREST, UNEXPLAINED W CC",0,0.0,Madera Community Hospital,2019
292,298,"CARDIAC ARREST, UNEXPLAINED W/O CC/MCC",0,0.0,Madera Community Hospital,2019
293,299,PERIPHERAL VASCULAR DISORDERS W MCC,4,16267.9,Madera Community Hospital,2019
294,300,PERIPHERAL VASCULAR DISORDERS W CC,6,16895.27,Madera Community Hospital,2019
295,301,PERIPHERAL VASCULAR DISORDERS W/O CC/MCC,0,0.0,Madera Community Hospital,2019
296,302,ATHEROSCLEROSIS W MCC,1,22867.35,Madera Community Hospital,2019
297,303,ATHEROSCLEROSIS W/O MCC,3,13877.7,Madera Community Hospital,2019
298,304,HYPERTENSION W MCC,3,13966.92,Madera Community Hospital,2019
299,305,HYPERTENSION W/O MCC,22,15620.55,Madera Community Hospital,2019
300,306,CARDIAC CONGENITAL & VALVULAR DISORDERS W MCC,1,12801.85,Madera Community Hospital,2019
301,307,CARDIAC CONGENITAL & VALVULAR DISORDERS W/O MCC,1,11050.53,Madera Community Hospital,2019
302,308,CARDIAC ARRHYTHMIA & CONDUCTION DISORDERS W MCC,13,18461.51,Madera Community Hospital,2019
303,309,CARDIAC ARRHYTHMIA & CONDUCTION DISORDERS W CC,44,15867.49,Madera Community Hospital,2019
304,310,CARDIAC ARRHYTHMIA & CONDUCTION DISORDERS W/O CC/MCC,10,10724.08,Madera Community Hospital,2019
305,311,ANGINA PECTORIS,7,10176.17,Madera Community Hospital,2019
306,312,SYNCOPE & COLLAPSE,18,11179.39,Madera Community Hospital,2019
307,313,CHEST PAIN,31,11736.77,Madera Community Hospital,2019
308,314,OTHER CIRCULATORY SYSTEM DIAGNOSES W MCC,13,28215.28,Madera Community Hospital,2019
309,315,OTHER CIRCULATORY SYSTEM DIAGNOSES W CC,6,14943.23,Madera Community Hospital,2019
310,316,OTHER CIRCULATORY SYSTEM DIAGNOSES W/O CC/MCC,1,12525.67,Madera Community Hospital,2019
311,317,ADMIT FOR RENAL DIALYSIS,0,0.0,Madera Community Hospital,2019
312,318,KIDNEY & URINARY TRACT NEOPLASMS W CC,0,0.0,Madera Community Hospital,2019
313,319,KIDNEY & URINARY TRACT NEOPLASMS W/O CC,0,0.0,Madera Community Hospital,2019
314,320,KIDNEY & URINARY TRACT INFECTIONS AGE >17 W CC,0,0.0,Madera Community Hospital,2019
315,321,KIDNEY & URINARY TRACT INFECTIONS AGE >17 W/O CC,0,0.0,Madera Community Hospital,2019
316,322,KIDNEY & URINARY TRACT INFECTIONS AGE 0-17,0,0.0,Madera Community Hospital,2019
317,323,"URINARY STONES W CC, &/OR ESW LITHOTRIPSY",0,0.0,Madera Community Hospital,2019
318,324,URINARY STONES W/O CC,0,0.0,Madera Community Hospital,2019
319,325,KIDNEY & URINARY TRACT SIGNS & SYMPTOMS AGE >17 W CC,0,0.0,Madera Community Hospital,2019
320,326,"STOMACH, ESOPHAGEAL & DUODENAL PROC W MCC",7,109913.99,Madera Community Hospital,2019
321,327,"STOMACH, ESOPHAGEAL & DUODENAL PROC W CC",3,33460.12,Madera Community Hospital,2019
322,328,"STOMACH, ESOPHAGEAL & DUODENAL PROC W/O CC/MCC",12,22319.78,Madera Community Hospital,2019
323,329,MAJOR SMALL & LARGE BOWEL PROCEDURES W MCC,14,116038.87,Madera Community Hospital,2019
324,330,MAJOR SMALL & LARGE BOWEL PROCEDURES W CC,26,53005.27,Madera Community Hospital,2019
325,331,MAJOR SMALL & LARGE BOWEL PROCEDURES W/O CC/MCC,16,38885.86,Madera Community Hospital,2019
326,332,RECTAL RESECTION W MCC,1,23661.19,Madera Community Hospital,2019
327,333,RECTAL RESECTION W CC,0,0.0,Madera Community Hospital,2019
328,334,RECTAL RESECTION W/O CC/MCC,0,0.0,Madera Community Hospital,2019
329,335,PERITONEAL ADHESIOLYSIS W MCC,2,97662.07,Madera Community Hospital,2019
330,336,PERITONEAL ADHESIOLYSIS W CC,15,36958.65,Madera Community Hospital,2019
331,337,PERITONEAL ADHESIOLYSIS W/O CC/MCC,8,24562.06,Madera Community Hospital,2019
332,338,APPENDECTOMY W COMPLICATED PRINCIPAL DIAG W MCC,0,0.0,Madera Community Hospital,2019
333,339,APPENDECTOMY W COMPLICATED PRINCIPAL DIAG W CC,8,37250.19,Madera Community Hospital,2019
334,340,APPENDECTOMY W COMPLICATED PRINCIPAL DIAG W/O CC/MCC,6,26446.79,Madera Community Hospital,2019
335,341,APPENDECTOMY W/O COMPLICATED PRINCIPAL DIAG W MCC,0,0.0,Madera Community Hospital,2019
336,342,APPENDECTOMY W/O COMPLICATED PRINCIPAL DIAG W CC,11,31908.5,Madera Community Hospital,2019
337,343,APPENDECTOMY W/O COMPLICATED PRINCIPAL DIAG W/O CC/MCC,43,22504.14,Madera Community Hospital,2019
338,344,MINOR SMALL & LARGE BOWEL PROCEDURES W MCC,1,23495.5,Madera Community Hospital,2019
339,345,MINOR SMALL & LARGE BOWEL PROCEDURES W CC,8,31405.6,Madera Community Hospital,2019
340,346,MINOR SMALL & LARGE BOWEL PROCEDURES W/O CC/MCC,1,15347.93,Madera Community Hospital,2019
341,347,ANAL & STOMAL PROCEDURES W MCC,0,0.0,Madera Community Hospital,2019
342,348,ANAL & STOMAL PROCEDURES W CC,3,22430.69,Madera Community Hospital,2019
343,349,ANAL & STOMAL PROCEDURES W/O CC/MCC,5,19869.97,Madera Community Hospital,2019
344,350,INGUINAL & FEMORAL HERNIA PROCEDURES W MCC,2,28824.83,Madera Community Hospital,2019
345,351,INGUINAL & FEMORAL HERNIA PROCEDURES W CC,11,22407.66,Madera Community Hospital,2019
346,352,INGUINAL & FEMORAL HERNIA PROCEDURES W/O CC/MCC,13,22872.25,Madera Community Hospital,2019
347,353,HERNIA PROCEDURES EXCEPT INGUINAL & FEMORAL W MCC,0,0.0,Madera Community Hospital,2019
348,354,HERNIA PROCEDURES EXCEPT INGUINAL & FEMORAL W CC,20,25810.3,Madera Community Hospital,2019
349,355,HERNIA PROCEDURES EXCEPT INGUINAL & FEMORAL W/O CC/MCC,12,28143.79,Madera Community Hospital,2019
350,356,OTHER DIGESTIVE SYSTEM O.R. PROCEDURES W MCC,1,177023.85,Madera Community Hospital,2019
351,357,OTHER DIGESTIVE SYSTEM O.R. PROCEDURES W CC,2,30180.19,Madera Community Hospital,2019
352,358,OTHER DIGESTIVE SYSTEM O.R. PROCEDURES W/O CC/MCC,1,22649.77,Madera Community Hospital,2019
353,359,UTERINE & ADNEXA PROC FOR NON-MALIGNANCY W/O CC,0,0.0,Madera Community Hospital,2019
354,360,"VAGINA, CERVIX & VULVA PROCEDURES",0,0.0,Madera Community Hospital,2019
355,361,LAPAROSCOPY & INCISIONAL TUBAL INTERRUPTION,0,0.0,Madera Community Hospital,2019
356,362,ENDOSCOPIC TUBAL INTERRUPTION,0,0.0,Madera Community Hospital,2019
357,363,"D&C, CONIZATION & RADIO-IMPLANT, FOR MALIGNANCY",0,0.0,Madera Community Hospital,2019
358,364,"D&C, CONIZATION EXCEPT FOR MALIGNANCY",0,0.0,Madera Community Hospital,2019
359,365,OTHER FEMALE REPRODUCTIVE SYSTEM O.R. PROCEDURES,0,0.0,Madera Community Hospital,2019
360,366,"MALIGNANCY, FEMALE REPRODUCTIVE SYSTEM W CC",0,0.0,Madera Community Hospital,2019
361,367,"MALIGNANCY, FEMALE REPRODUCTIVE SYSTEM W/O CC",0,0.0,Madera Community Hospital,2019
362,368,MAJOR ESOPHAGEAL DISORDERS W MCC,0,0.0,Madera Community Hospital,2019
363,369,MAJOR ESOPHAGEAL DISORDERS W CC,2,20654.27,Madera Community Hospital,2019
364,370,MAJOR ESOPHAGEAL DISORDERS W/O CC/MCC,0,0.0,Madera Community Hospital,2019
365,371,MAJOR GASTROINTESTINAL DISORDERS & PERITONEAL INFECTIONS W MCC,6,40708.46,Madera Community Hospital,2019
366,372,MAJOR GASTROINTESTINAL DISORDERS & PERITONEAL INFECTIONS W CC,8,57927.44,Madera Community Hospital,2019
367,373,MAJOR GASTROINTESTINAL DISORDERS & PERITONEAL INFECTIONS W/O CC/MCC,2,13811.07,Madera Community Hospital,2019
368,374,DIGESTIVE MALIGNANCY W MCC,1,27445.03,Madera Community Hospital,2019
369,375,DIGESTIVE MALIGNANCY W CC,0,0.0,Madera Community Hospital,2019
370,376,DIGESTIVE MALIGNANCY W/O CC/MCC,0,0.0,Madera Community Hospital,2019
371,377,G.I. HEMORRHAGE W MCC,13,33727.83,Madera Community Hospital,2019
372,378,G.I. HEMORRHAGE W CC,32,21953.79,Madera Community Hospital,2019
373,379,G.I. HEMORRHAGE W/O CC/MCC,10,13094.7,Madera Community Hospital,2019
374,380,COMPLICATED PEPTIC ULCER W MCC,0,0.0,Madera Community Hospital,2019
375,381,COMPLICATED PEPTIC ULCER W CC,0,0.0,Madera Community Hospital,2019
376,382,COMPLICATED PEPTIC ULCER W/O CC/MCC,1,10744.47,Madera Community Hospital,2019
377,383,UNCOMPLICATED PEPTIC ULCER W MCC,0,0.0,Madera Community Hospital,2019
378,384,UNCOMPLICATED PEPTIC ULCER W/O MCC,2,15011.18,Madera Community Hospital,2019
379,385,INFLAMMATORY BOWEL DISEASE W MCC,2,31220.97,Madera Community Hospital,2019
380,386,INFLAMMATORY BOWEL DISEASE W CC,5,23086.22,Madera Community Hospital,2019
381,387,INFLAMMATORY BOWEL DISEASE W/O CC/MCC,2,13808.21,Madera Community Hospital,2019
382,388,G.I. OBSTRUCTION W MCC,6,32181.09,Madera Community Hospital,2019
383,389,G.I. OBSTRUCTION W CC,20,14186.92,Madera Community Hospital,2019
384,390,G.I. OBSTRUCTION W/O CC/MCC,19,13256.4,Madera Community Hospital,2019
385,391,"ESOPHAGITIS, GASTROENT & MISC DIGEST DISORDERS W MCC",14,29558.29,Madera Community Hospital,2019
386,392,"ESOPHAGITIS, GASTROENT & MISC DIGEST DISORDERS W/O MCC",62,14634.27,Madera Community Hospital,2019
387,393,OTHER DIGESTIVE SYSTEM DIAGNOSES W MCC,8,18617.83,Madera Community Hospital,2019
388,394,OTHER DIGESTIVE SYSTEM DIAGNOSES W CC,15,14174.09,Madera Community Hospital,2019
389,395,OTHER DIGESTIVE SYSTEM DIAGNOSES W/O CC/MCC,13,12654.39,Madera Community Hospital,2019
390,396,RED BLOOD CELL DISORDERS AGE 0-17,0,0.0,Madera Community Hospital,2019
391,397,COAGULATION DISORDERS,0,0.0,Madera Community Hospital,2019
392,398,RETICULOENDOTHELIAL & IMMUNITY DISORDERS W CC,0,0.0,Madera Community Hospital,2019
393,399,RETICULOENDOTHELIAL & IMMUNITY DISORDERS W/O CC,0,0.0,Madera Community Hospital,2019
394,401,LYMPHOMA & NON-ACUTE LEUKEMIA W OTHER O.R. PROC W CC,0,0.0,Madera Community Hospital,2019
395,402,LYMPHOMA & NON-ACUTE LEUKEMIA W OTHER O.R. PROC W/O CC,0,0.0,Madera Community Hospital,2019
396,403,LYMPHOMA & NON-ACUTE LEUKEMIA W CC,0,0.0,Madera Community Hospital,2019
397,404,LYMPHOMA & NON-ACUTE LEUKEMIA W/O CC,0,0.0,Madera Community Hospital,2019
398,405,"PANCREAS, LIVER & SHUNT PROCEDURES W MCC",0,0.0,Madera Community Hospital,2019
399,406,"PANCREAS, LIVER & SHUNT PROCEDURES W CC",2,160830.85,Madera Community Hospital,2019
400,407,"PANCREAS, LIVER & SHUNT PROCEDURES W/O CC/MCC",0,0.0,Madera Community Hospital,2019
401,408,BILIARY TRACT PROC EXCEPT ONLY CHOLECYST W OR W/O C.D.E. W MCC,2,44897.21,Madera Community Hospital,2019
402,409,BILIARY TRACT PROC EXCEPT ONLY CHOLECYST W OR W/O C.D.E. W CC,2,39627.41,Madera Community Hospital,2019
403,410,BILIARY TRACT PROC EXCEPT ONLY CHOLECYST W OR W/O C.D.E. W/O CC/MCC,2,22570.55,Madera Community Hospital,2019
404,411,CHOLECYSTECTOMY W C.D.E. W MCC,0,0.0,Madera Community Hospital,2019
405,412,CHOLECYSTECTOMY W C.D.E. W CC,0,0.0,Madera Community Hospital,2019
406,413,CHOLECYSTECTOMY W C.D.E. W/O CC/MCC,0,0.0,Madera Community Hospital,2019
407,414,CHOLECYSTECTOMY EXCEPT BY LAPAROSCOPE W/O C.D.E. W MCC,1,50633.1,Madera Community Hospital,2019
408,415,CHOLECYSTECTOMY EXCEPT BY LAPAROSCOPE W/O C.D.E. W CC,1,40679.97,Madera Community Hospital,2019
409,416,CHOLECYSTECTOMY EXCEPT BY LAPAROSCOPE W/O C.D.E. W/O CC/MCC,2,37271.7,Madera Community Hospital,2019
410,417,LAPAROSCOPIC CHOLECYSTECTOMY W/O C.D.E. W MCC,23,31338.91,Madera Community Hospital,2019
411,418,LAPAROSCOPIC CHOLECYSTECTOMY W/O C.D.E. W CC,39,30250.46,Madera Community Hospital,2019
412,419,LAPAROSCOPIC CHOLECYSTECTOMY W/O C.D.E. W/O CC/MCC,41,25408.26,Madera Community Hospital,2019
413,420,HEPATOBILIARY DIAGNOSTIC PROCEDURES W MCC,0,0.0,Madera Community Hospital,2019
414,421,HEPATOBILIARY DIAGNOSTIC PROCEDURES W CC,0,0.0,Madera Community Hospital,2019
415,422,HEPATOBILIARY DIAGNOSTIC PROCEDURES W/O CC/MCC,0,0.0,Madera Community Hospital,2019
416,423,OTHER HEPATOBILIARY OR PANCREAS O.R. PROCEDURES W MCC,0,0.0,Madera Community Hospital,2019
417,424,OTHER HEPATOBILIARY OR PANCREAS O.R. PROCEDURES W CC,0,0.0,Madera Community Hospital,2019
418,425,OTHER HEPATOBILIARY OR PANCREAS O.R. PROCEDURES W/O CC/MCC,0,0.0,Madera Community Hospital,2019
419,426,DEPRESSIVE NEUROSES,0,0.0,Madera Community Hospital,2019
420,427,NEUROSES EXCEPT DEPRESSIVE,0,0.0,Madera Community Hospital,2019
421,428,DISORDERS OF PERSONALITY & IMPULSE CONTROL,0,0.0,Madera Community Hospital,2019
422,429,ORGANIC DISTURBANCES & MENTAL RETARDATION,0,0.0,Madera Community Hospital,2019
423,430,TEST,0,0.0,Madera Community Hospital,2019
424,431,CHILDHOOD MENTAL DISORDERS,0,0.0,Madera Community Hospital,2019
425,432,CIRRHOSIS & ALCOHOLIC HEPATITIS W MCC,13,24412.52,Madera Community Hospital,2019
426,433,CIRRHOSIS & ALCOHOLIC HEPATITIS W CC,4,23729.81,Madera Community Hospital,2019
427,434,CIRRHOSIS & ALCOHOLIC HEPATITIS W/O CC/MCC,2,14297.94,Madera Community Hospital,2019
428,435,MALIGNANCY OF HEPATOBILIARY SYSTEM OR PANCREAS W MCC,1,25822.06,Madera Community Hospital,2019
429,436,MALIGNANCY OF HEPATOBILIARY SYSTEM OR PANCREAS W CC,1,17894.47,Madera Community Hospital,2019
430,437,MALIGNANCY OF HEPATOBILIARY SYSTEM OR PANCREAS W/O CC/MCC,0,0.0,Madera Community Hospital,2019
431,438,DISORDERS OF PANCREAS EXCEPT MALIGNANCY W MCC,2,30076.47,Madera Community Hospital,2019
432,439,DISORDERS OF PANCREAS EXCEPT MALIGNANCY W CC,19,16444.24,Madera Community Hospital,2019
433,440,DISORDERS OF PANCREAS EXCEPT MALIGNANCY W/O CC/MCC,11,14745.36,Madera Community Hospital,2019
434,441,"DISORDERS OF LIVER EXCEPT MALIG,CIRR,ALC HEPA W MCC",5,46799.2,Madera Community Hospital,2019
435,442,"DISORDERS OF LIVER EXCEPT MALIG,CIRR,ALC HEPA W CC",10,31267.02,Madera Community Hospital,2019
436,443,"DISORDERS OF LIVER EXCEPT MALIG,CIRR,ALC HEPA W/O CC/MCC",4,12145.64,Madera Community Hospital,2019
437,444,DISORDERS OF THE BILIARY TRACT W MCC,9,37551.19,Madera Community Hospital,2019
438,445,DISORDERS OF THE BILIARY TRACT W CC,17,15966.94,Madera Community Hospital,2019
439,446,DISORDERS OF THE BILIARY TRACT W/O CC/MCC,20,9844.39,Madera Community Hospital,2019
440,447,ALLERGIC REACTIONS AGE >17,0,0.0,Madera Community Hospital,2019
441,448,ALLERGIC REACTIONS AGE 0-17,0,0.0,Madera Community Hospital,2019
442,449,POISONING & TOXIC EFFECTS OF DRUGS AGE >17 W CC,0,0.0,Madera Community Hospital,2019
443,450,TESTING,0,0.0,Madera Community Hospital,2019
444,451,POISONING & TOXIC EFFECTS OF DRUGS AGE 0-17,0,0.0,Madera Community Hospital,2019
445,452,COMPLICATIONS OF TREATMENT W CC,0,0.0,Madera Community Hospital,2019
446,453,COMBINED ANTERIOR/POSTERIOR SPINAL FUSION W MCC,0,0.0,Madera Community Hospital,2019
447,454,COMBINED ANTERIOR/POSTERIOR SPINAL FUSION W CC,0,0.0,Madera Community Hospital,2019
448,455,COMBINED ANTERIOR/POSTERIOR SPINAL FUSION W/O CC/MCC,0,0.0,Madera Community Hospital,2019
449,456,SPINAL FUS EXC CERV W SPINAL CURV/MALIG/INFEC OR EXT FUS W MCC,0,0.0,Madera Community Hospital,2019
450,457,SPINAL FUS EXC CERV W SPINAL CURV/MALIG/INFEC OR EXT FUS W CC,0,0.0,Madera Community Hospital,2019
451,458,SPINAL FUS EXC CERV W SPINAL CURV/MALIG/INFEC OR EXT FUS W/O CC/MCC,0,0.0,Madera Community Hospital,2019
452,459,SPINAL FUSION EXCEPT CERVICAL W MCC,0,0.0,Madera Community Hospital,2019
453,460,SPINAL FUSION EXCEPT CERVICAL W/O MCC,0,0.0,Madera Community Hospital,2019
454,461,BILATERAL OR MULTIPLE MAJOR JOINT PROCS OF LOWER EXTREMITY W MCC,0,0.0,Madera Community Hospital,2019
455,462,BILATERAL OR MULTIPLE MAJOR JOINT PROCS OF LOWER EXTREMITY W/O MCC,0,0.0,Madera Community Hospital,2019
456,463,"WND DEBRID & SKN GRFT EXC HAND, FOR MUSCULO-CONN TISS DIS W MCC",0,0.0,Madera Community Hospital,2019
457,464,"WND DEBRID & SKN GRFT EXC HAND, FOR MUSCULO-CONN TISS DIS W CC",1,89466.68,Madera Community Hospital,2019
458,465,"WND DEBRID & SKN GRFT EXC HAND, FOR MUSCULO-CONN TISS DIS W/O CC/MCC",1,33126.52,Madera Community Hospital,2019
459,466,REVISION OF HIP OR KNEE REPLACEMENT W MCC,0,0.0,Madera Community Hospital,2019
460,467,REVISION OF HIP OR KNEE REPLACEMENT W CC,0,0.0,Madera Community Hospital,2019
461,468,REVISION OF HIP OR KNEE REPLACEMENT W/O CC/MCC,1,44563.5,Madera Community Hospital,2019
462,469,MAJOR HIP AND KNEE JOINT REPLACEMENT OR REATTACHMENT OF LOWER EXTREMIT,4,56537.4,Madera Community Hospital,2019
463,470,MAJOR HIP AND KNEE JOINT REPLACEMENT OR REATTACHMENT OF LOWER EXTREMIT,63,55142.67,Madera Community Hospital,2019
464,471,CERVICAL SPINAL FUSION W MCC,0,0.0,Madera Community Hospital,2019
465,472,CERVICAL SPINAL FUSION W CC,0,0.0,Madera Community Hospital,2019
466,473,CERVICAL SPINAL FUSION W/O CC/MCC,0,0.0,Madera Community Hospital,2019
467,474,AMPUTATION FOR MUSCULOSKELETAL SYS & CONN TISSUE DIS W MCC,0,0.0,Madera Community Hospital,2019
468,475,AMPUTATION FOR MUSCULOSKELETAL SYS & CONN TISSUE DIS W CC,0,0.0,Madera Community Hospital,2019
469,476,AMPUTATION FOR MUSCULOSKELETAL SYS & CONN TISSUE DIS W/O CC/MCC,0,0.0,Madera Community Hospital,2019
470,477,BIOPSIES OF MUSCULOSKELETAL SYSTEM & CONNECTIVE TISSUE W MCC,0,0.0,Madera Community Hospital,2019
471,478,BIOPSIES OF MUSCULOSKELETAL SYSTEM & CONNECTIVE TISSUE W CC,1,50150.77,Madera Community Hospital,2019
472,479,BIOPSIES OF MUSCULOSKELETAL SYSTEM & CONNECTIVE TISSUE W/O CC/MCC,0,0.0,Madera Community Hospital,2019
473,480,HIP & FEMUR PROCEDURES EXCEPT MAJOR JOINT W MCC,6,51398.15,Madera Community Hospital,2019
474,481,HIP & FEMUR PROCEDURES EXCEPT MAJOR JOINT W CC,21,47109.49,Madera Community Hospital,2019
475,482,HIP & FEMUR PROCEDURES EXCEPT MAJOR JOINT W/O CC/MCC,10,33931.32,Madera Community Hospital,2019
476,483,MAJOR JOINT/LIMB REATTACHMENT PROCEDURE OF UPPER EXTREMITIES,0,0.0,Madera Community Hospital,2019
477,484,MAJOR JOINT & LIMB REATTACHMENT PROC OF UPPER EXTREMITY W/O CC/MCC,0,0.0,Madera Community Hospital,2019
478,485,KNEE PROCEDURES W PDX OF INFECTION W MCC,1,55196.5,Madera Community Hospital,2019
479,486,KNEE PROCEDURES W PDX OF INFECTION W CC,0,0.0,Madera Community Hospital,2019
480,487,KNEE PROCEDURES W PDX OF INFECTION W/O CC/MCC,0,0.0,Madera Community Hospital,2019
481,488,KNEE PROCEDURES W/O PDX OF INFECTION W CC/MCC,0,0.0,Madera Community Hospital,2019
482,489,KNEE PROCEDURES W/O PDX OF INFECTION W/O CC/MCC,0,0.0,Madera Community Hospital,2019
483,490,BACK & NECK PROC EXC SPINAL FUSION W CC/MCC OR DISC DEVICE/NEUROSTIM,0,0.0,Madera Community Hospital,2019
484,491,BACK & NECK PROC EXC SPINAL FUSION W/O CC/MCC,0,0.0,Madera Community Hospital,2019
485,492,"LOWER EXTREM & HUMER PROC EXCEPT HIP,FOOT,FEMUR W MCC",0,0.0,Madera Community Hospital,2019
486,493,"LOWER EXTREM & HUMER PROC EXCEPT HIP,FOOT,FEMUR W CC",5,46965.18,Madera Community Hospital,2019
487,494,"LOWER EXTREM & HUMER PROC EXCEPT HIP,FOOT,FEMUR W/O CC/MCC",6,29561.71,Madera Community Hospital,2019
488,495,LOCAL EXCISION & REMOVAL INT FIX DEVICES EXC HIP & FEMUR W MCC,1,54363.1,Madera Community Hospital,2019
489,496,LOCAL EXCISION & REMOVAL INT FIX DEVICES EXC HIP & FEMUR W CC,0,0.0,Madera Community Hospital,2019
490,497,LOCAL EXCISION & REMOVAL INT FIX DEVICES EXC HIP & FEMUR W/O CC/MCC,1,13926.78,Madera Community Hospital,2019
491,498,LOCAL EXCISION & REMOVAL INT FIX DEVICES OF HIP & FEMUR W CC/MCC,0,0.0,Madera Community Hospital,2019
492,499,LOCAL EXCISION & REMOVAL INT FIX DEVICES OF HIP & FEMUR W/O CC/MCC,0,0.0,Madera Community Hospital,2019
493,500,SOFT TISSUE PROCEDURES W MCC,0,0.0,Madera Community Hospital,2019
494,501,SOFT TISSUE PROCEDURES W CC,4,26982.1,Madera Community Hospital,2019
495,502,SOFT TISSUE PROCEDURES W/O CC/MCC,2,31665.39,Madera Community Hospital,2019
496,503,FOOT PROCEDURES W MCC,0,0.0,Madera Community Hospital,2019
497,504,FOOT PROCEDURES W CC,1,19665.4,Madera Community Hospital,2019
498,505,FOOT PROCEDURES W/O CC/MCC,0,0.0,Madera Community Hospital,2019
499,506,MAJOR THUMB OR JOINT PROCEDURES,0,0.0,Madera Community Hospital,2019
500,507,MAJOR SHOULDER OR ELBOW JOINT PROCEDURES W CC/MCC,0,0.0,Madera Community Hospital,2019
501,508,MAJOR SHOULDER OR ELBOW JOINT PROCEDURES W/O CC/MCC,0,0.0,Madera Community Hospital,2019
502,509,ARTHROSCOPY,1,51015.13,Madera Community Hospital,2019
503,510,"SHOULDER,ELBOW OR FOREARM PROC,EXC MAJOR JOINT PROC W MCC",0,0.0,Madera Community Hospital,2019
504,511,"SHOULDER,ELBOW OR FOREARM PROC,EXC MAJOR JOINT PROC W CC",0,0.0,Madera Community Hospital,2019
505,512,"SHOULDER,ELBOW OR FOREARM PROC,EXC MAJOR JOINT PROC W/O CC/MCC",3,41798.62,Madera Community Hospital,2019
506,513,"HAND OR WRIST PROC, EXCEPT MAJOR THUMB OR JOINT PROC W CC/MCC",0,0.0,Madera Community Hospital,2019
507,514,"HAND OR WRIST PROC, EXCEPT MAJOR THUMB OR JOINT PROC W/O CC/MCC",0,0.0,Madera Community Hospital,2019
508,515,OTHER MUSCULOSKELET SYS & CONN TISS O.R. PROC W MCC,0,0.0,Madera Community Hospital,2019
509,516,OTHER MUSCULOSKELET SYS & CONN TISS O.R. PROC W CC,0,0.0,Madera Community Hospital,2019
510,517,OTHER MUSCULOSKELET SYS & CONN TISS O.R. PROC W/O CC/MCC,0,0.0,Madera Community Hospital,2019
511,518,BACK & NECK PROC EXC SPINAL FUSION W MCC OR DISC DEVICE/NEUROSTIM,0,0.0,Madera Community Hospital,2019
512,519,BACK & NECK PROC EXC SPINAL FUSION W CC,0,0.0,Madera Community Hospital,2019
513,520,BACK & NECK PROC EXC SPINAL FUSION W/O CC/MCC,0,0.0,Madera Community Hospital,2019
514,521,ALCOHOL/DRUG ABUSE OR DEPENDENCE W CC,0,0.0,Madera Community Hospital,2019
515,522,ALCOHOL/DRUG ABUSE OR DEPENDENCE W REHABILITATION THERAPY W/O CC,0,0.0,Madera Community Hospital,2019
516,523,ALCOHOL/DRUG ABUSE OR DEPENDENCE W/O REHABILITATION THERAPY W/O CC,0,0.0,Madera Community Hospital,2019
517,524,TRANSIENT ISCHEMIA,0,0.0,Madera Community Hospital,2019
518,525,OTHER HEART ASSIST SYSTEM IMPLANT,0,0.0,Madera Community Hospital,2019
519,528,INTRACRANIAL VASCULAR PROCEDURES W PDX HEMORRHAGE,0,0.0,Madera Community Hospital,2019
520,529,VENTRICULAR SHUNT PROCEDURES W CC,0,0.0,Madera Community Hospital,2019
521,530,VENTRICULAR SHUNT PROCEDURES W/O CC,0,0.0,Madera Community Hospital,2019
522,531,SPINAL PROCEDURES W CC,0,0.0,Madera Community Hospital,2019
523,532,SPINAL PROCEDURES W/O CC,0,0.0,Madera Community Hospital,2019
524,533,FRACTURES OF FEMUR W MCC,0,0.0,Madera Community Hospital,2019
525,534,FRACTURES OF FEMUR W/O MCC,0,0.0,Madera Community Hospital,2019
526,535,FRACTURES OF HIP & PELVIS W MCC,0,0.0,Madera Community Hospital,2019
527,536,FRACTURES OF HIP & PELVIS W/O MCC,2,7987.19,Madera Community Hospital,2019
528,537,"SPRAINS, STRAINS, & DISLOCATIONS OF HIP, PELVIS & THIGH W CC/MCC",0,0.0,Madera Community Hospital,2019
529,538,"SPRAINS, STRAINS, & DISLOCATIONS OF HIP, PELVIS & THIGH W/O CC/MCC",0,0.0,Madera Community Hospital,2019
530,539,OSTEOMYELITIS W MCC,0,0.0,Madera Community Hospital,2019
531,540,OSTEOMYELITIS W CC,1,37972.28,Madera Community Hospital,2019
532,541,OSTEOMYELITIS W/O CC/MCC,0,0.0,Madera Community Hospital,2019
533,542,PATHOLOGICAL FRACTURES & MUSCULOSKELET & CONN TISS MALIG W MCC,0,0.0,Madera Community Hospital,2019
534,543,PATHOLOGICAL FRACTURES & MUSCULOSKELET & CONN TISS MALIG W CC,2,17592.76,Madera Community Hospital,2019
535,544,PATHOLOGICAL FRACTURES & MUSCULOSKELET & CONN TISS MALIG W/O CC/MCC,1,33122.55,Madera Community Hospital,2019
536,545,CONNECTIVE TISSUE DISORDERS W MCC,0,0.0,Madera Community Hospital,2019
537,546,CONNECTIVE TISSUE DISORDERS W CC,0,0.0,Madera Community Hospital,2019
538,547,CONNECTIVE TISSUE DISORDERS W/O CC/MCC,0,0.0,Madera Community Hospital,2019
539,548,SEPTIC ARTHRITIS W MCC,0,0.0,Madera Community Hospital,2019
540,549,SEPTIC ARTHRITIS W CC,0,0.0,Madera Community Hospital,2019
541,550,SEPTIC ARTHRITIS W/O CC/MCC,0,0.0,Madera Community Hospital,2019
542,551,MEDICAL BACK PROBLEMS W MCC,0,0.0,Madera Community Hospital,2019
543,552,MEDICAL BACK PROBLEMS W/O MCC,2,14986.48,Madera Community Hospital,2019
544,553,BONE DISEASES & ARTHROPATHIES W MCC,0,0.0,Madera Community Hospital,2019
545,554,BONE DISEASES & ARTHROPATHIES W/O MCC,2,26571.33,Madera Community Hospital,2019
546,555,SIGNS & SYMPTOMS OF MUSCULOSKELETAL SYSTEM & CONN TISSUE W MCC,1,20620.64,Madera Community Hospital,2019
547,556,SIGNS & SYMPTOMS OF MUSCULOSKELETAL SYSTEM & CONN TISSUE W/O MCC,5,10241.32,Madera Community Hospital,2019
548,557,"TENDONITIS, MYOSITIS & BURSITIS W MCC",0,0.0,Madera Community Hospital,2019
549,558,"TENDONITIS, MYOSITIS & BURSITIS W/O MCC",3,14835.21,Madera Community Hospital,2019
550,559,"AFTERCARE, MUSCULOSKELETAL SYSTEM & CONNECTIVE TISSUE W MCC",0,0.0,Madera Community Hospital,2019
551,560,"AFTERCARE, MUSCULOSKELETAL SYSTEM & CONNECTIVE TISSUE W CC",0,0.0,Madera Community Hospital,2019
552,561,"AFTERCARE, MUSCULOSKELETAL SYSTEM & CONNECTIVE TISSUE W/O CC/MCC",2,17964.11,Madera Community Hospital,2019
553,562,"FX, SPRN, STRN & DISL EXCEPT FEMUR, HIP, PELVIS & THIGH W MCC",0,0.0,Madera Community Hospital,2019
554,563,"FX, SPRN, STRN & DISL EXCEPT FEMUR, HIP, PELVIS & THIGH W/O MCC",6,17932.81,Madera Community Hospital,2019
555,564,OTHER MUSCULOSKELETAL SYS & CONNECTIVE TISSUE DIAGNOSES W MCC,0,0.0,Madera Community Hospital,2019
556,565,OTHER MUSCULOSKELETAL SYS & CONNECTIVE TISSUE DIAGNOSES W CC,2,10958.44,Madera Community Hospital,2019
557,566,OTHER MUSCULOSKELETAL SYS & CONNECTIVE TISSUE DIAGNOSES W/O CC/MCC,0,0.0,Madera Community Hospital,2019
558,567,"STOMACH, ESOPHAGEAL & DUODENAL PROC AGE >17 W CC W MAJOR GI DX",0,0.0,Madera Community Hospital,2019
559,568,"STOMACH, ESOPHAGEAL & DUODENAL PROC AGE >17 W CC W/O MAJOR GI DX",0,0.0,Madera Community Hospital,2019
560,569,MAJOR SMALL & LARGE BOWEL PROCEDURES W CC W MAJOR GI DX,0,0.0,Madera Community Hospital,2019
561,570,SKIN DEBRIDEMENT W MCC,1,43528.55,Madera Community Hospital,2019
562,571,SKIN DEBRIDEMENT W CC,2,58352.26,Madera Community Hospital,2019
563,572,SKIN DEBRIDEMENT W/O CC/MCC,3,12350.43,Madera Community Hospital,2019
564,573,SKIN GRAFT FOR SKIN ULCER OR CELLULITIS W MCC,1,132527.55,Madera Community Hospital,2019
565,574,SKIN GRAFT FOR SKIN ULCER OR CELLULITIS W CC,4,17984.76,Madera Community Hospital,2019
566,575,SKIN GRAFT FOR SKIN ULCER OR CELLULITIS W/O CC/MCC,1,20224.18,Madera Community Hospital,2019
567,576,SKIN GRAFT EXC FOR SKIN ULCER OR CELLULITIS W MCC,0,0.0,Madera Community Hospital,2019
568,577,SKIN GRAFT EXC FOR SKIN ULCER OR CELLULITIS W CC,0,0.0,Madera Community Hospital,2019
569,578,SKIN GRAFT EXC FOR SKIN ULCER OR CELLULITIS W/O CC/MCC,0,0.0,Madera Community Hospital,2019
570,579,"OTHER SKIN, SUBCUT TISS & BREAST PROC W MCC",3,71360.79,Madera Community Hospital,2019
571,580,"OTHER SKIN, SUBCUT TISS & BREAST PROC W CC",9,24657.68,Madera Community Hospital,2019
572,581,"OTHER SKIN, SUBCUT TISS & BREAST PROC W/O CC/MCC",3,23080.25,Madera Community Hospital,2019
573,582,MASTECTOMY FOR MALIGNANCY W CC/MCC,3,30989.68,Madera Community Hospital,2019
574,583,MASTECTOMY FOR MALIGNANCY W/O CC/MCC,2,19953.11,Madera Community Hospital,2019
575,584,"BREAST BIOPSY, LOCAL EXCISION & OTHER BREAST PROCEDURES W CC/MCC",2,15566.23,Madera Community Hospital,2019
576,585,"BREAST BIOPSY, LOCAL EXCISION & OTHER BREAST PROCEDURES W/O CC/MCC",2,26855.42,Madera Community Hospital,2019
577,592,SKIN ULCERS W MCC,1,85444.7,Madera Community Hospital,2019
578,593,SKIN ULCERS W CC,0,0.0,Madera Community Hospital,2019
579,594,SKIN ULCERS W/O CC/MCC,0,0.0,Madera Community Hospital,2019
580,595,MAJOR SKIN DISORDERS W MCC,0,0.0,Madera Community Hospital,2019
581,596,MAJOR SKIN DISORDERS W/O MCC,0,0.0,Madera Community Hospital,2019
582,597,MALIGNANT BREAST DISORDERS W MCC,0,0.0,Madera Community Hospital,2019
583,598,MALIGNANT BREAST DISORDERS W CC,0,0.0,Madera Community Hospital,2019
584,599,MALIGNANT BREAST DISORDERS W/O CC/MCC,0,0.0,Madera Community Hospital,2019
585,600,NON-MALIGNANT BREAST DISORDERS W CC/MCC,0,0.0,Madera Community Hospital,2019
586,601,NON-MALIGNANT BREAST DISORDERS W/O CC/MCC,1,10075.83,Madera Community Hospital,2019
587,602,CELLULITIS W MCC,3,50853.63,Madera Community Hospital,2019
588,603,CELLULITIS W/O MCC,24,13215.69,Madera Community Hospital,2019
589,604,"TRAUMA TO THE SKIN, SUBCUT TISS & BREAST W MCC",1,46522.74,Madera Community Hospital,2019
590,605,"TRAUMA TO THE SKIN, SUBCUT TISS & BREAST W/O MCC",3,24578.19,Madera Community Hospital,2019
591,606,MINOR SKIN DISORDERS W MCC,0,0.0,Madera Community Hospital,2019
592,607,MINOR SKIN DISORDERS W/O MCC,0,0.0,Madera Community Hospital,2019
593,608,"NEONATE, BIRTHWT 1000-1499G, DIED",0,0.0,Madera Community Hospital,2019
594,609,"NEONATE, BIRTHWT 1500-1999G, W SIGNIF OR PROC, W MULT MAJOR PROB",0,0.0,Madera Community Hospital,2019
595,610,< 750 GR - DISCHARGED DEAD,0,0.0,Madera Community Hospital,2019
596,614,ADRENAL & PITUITARY PROCEDURES W CC/MCC,0,0.0,Madera Community Hospital,2019
597,615,ADRENAL & PITUITARY PROCEDURES W/O CC/MCC,0,0.0,Madera Community Hospital,2019
598,616,"AMPUTAT OF LOWER LIMB FOR ENDOCRINE,NUTRIT,& METABOL DIS W MCC",0,0.0,Madera Community Hospital,2019
599,617,"AMPUTAT OF LOWER LIMB FOR ENDOCRINE,NUTRIT,& METABOL DIS W CC",9,35731.39,Madera Community Hospital,2019
600,618,"AMPUTAT OF LOWER LIMB FOR ENDOCRINE,NUTRIT,& METABOL DIS W/O CC/MCC",0,0.0,Madera Community Hospital,2019
601,619,O.R. PROCEDURES FOR OBESITY W MCC,0,0.0,Madera Community Hospital,2019
602,620,O.R. PROCEDURES FOR OBESITY W CC,0,0.0,Madera Community Hospital,2019
603,621,O.R. PROCEDURES FOR OBESITY W/O CC/MCC,0,0.0,Madera Community Hospital,2019
604,622,"SKIN GRAFTS & WOUND DEBRID FOR ENDOC, NUTRIT & METAB DIS W MCC",0,0.0,Madera Community Hospital,2019
605,623,"SKIN GRAFTS & WOUND DEBRID FOR ENDOC, NUTRIT & METAB DIS W CC",3,39653.38,Madera Community Hospital,2019
606,624,"SKIN GRAFTS & WOUND DEBRID FOR ENDOC, NUTRIT & METAB DIS W/O CC/MCC",0,0.0,Madera Community Hospital,2019
607,625,"THYROID, PARATHYROID & THYROGLOSSAL PROCEDURES W MCC",0,0.0,Madera Community Hospital,2019
608,626,"THYROID, PARATHYROID & THYROGLOSSAL PROCEDURES W CC",5,23952.53,Madera Community Hospital,2019
609,627,"THYROID, PARATHYROID & THYROGLOSSAL PROCEDURES W/O CC/MCC",12,24278.01,Madera Community Hospital,2019
610,628,"OTHER ENDOCRINE, NUTRIT & METAB O.R. PROC W MCC",1,51863.14,Madera Community Hospital,2019
611,629,"OTHER ENDOCRINE, NUTRIT & METAB O.R. PROC W CC",4,47108.39,Madera Community Hospital,2019
612,630,"OTHER ENDOCRINE, NUTRIT & METAB O.R. PROC W/O CC/MCC",0,0.0,Madera Community Hospital,2019
613,637,DIABETES W MCC,8,35840.12,Madera Community Hospital,2019
614,638,DIABETES W CC,30,18278.65,Madera Community Hospital,2019
615,639,DIABETES W/O CC/MCC,9,17202.64,Madera Community Hospital,2019
616,640,"MISC DISORDERS OF NUTRITION,METABOLISM,FLUIDS/ELECTROLYTES W MCC",25,20201.67,Madera Community Hospital,2019
617,641,"MISC DISORDERS OF NUTRITION,METABOLISM,FLUIDS/ELECTROLYTES W/O MCC",50,14907.2,Madera Community Hospital,2019
618,642,INBORN AND OTHER DISORDERS OF METABOLISM,1,23960.54,Madera Community Hospital,2019
619,643,ENDOCRINE DISORDERS W MCC,0,0.0,Madera Community Hospital,2019
620,644,ENDOCRINE DISORDERS W CC,3,30686.15,Madera Community Hospital,2019
621,645,ENDOCRINE DISORDERS W/O CC/MCC,3,7743.45,Madera Community Hospital,2019
622,648,< 2000 GR - OR EXCL CIRCUMCISION,0,0.0,Madera Community Hospital,2019
623,649,< 2000 GR - NO OR PREFORMED,0,0.0,Madera Community Hospital,2019
624,650,< 2500 GR - OR PREFORMED,0,0.0,Madera Community Hospital,2019
625,651,TESTING THIS NON HCFA DRG,0,0.0,Madera Community Hospital,2019
626,652,KIDNEY TRANSPLANT,0,0.0,Madera Community Hospital,2019
627,653,MAJOR BLADDER PROCEDURES W MCC,0,0.0,Madera Community Hospital,2019
628,654,MAJOR BLADDER PROCEDURES W CC,0,0.0,Madera Community Hospital,2019
629,655,MAJOR BLADDER PROCEDURES W/O CC/MCC,0,0.0,Madera Community Hospital,2019
630,656,KIDNEY & URETER PROCEDURES FOR NEOPLASM W MCC,0,0.0,Madera Community Hospital,2019
631,657,KIDNEY & URETER PROCEDURES FOR NEOPLASM W CC,0,0.0,Madera Community Hospital,2019
632,658,KIDNEY & URETER PROCEDURES FOR NEOPLASM W/O CC/MCC,0,0.0,Madera Community Hospital,2019
633,659,KIDNEY & URETER PROCEDURES FOR NON-NEOPLASM W MCC,0,0.0,Madera Community Hospital,2019
634,660,KIDNEY & URETER PROCEDURES FOR NON-NEOPLASM W CC,0,0.0,Madera Community Hospital,2019
635,661,KIDNEY & URETER PROCEDURES FOR NON-NEOPLASM W/O CC/MCC,0,0.0,Madera Community Hospital,2019
636,662,MINOR BLADDER PROCEDURES W MCC,0,0.0,Madera Community Hospital,2019
637,663,MINOR BLADDER PROCEDURES W CC,0,0.0,Madera Community Hospital,2019
638,664,MINOR BLADDER PROCEDURES W/O CC/MCC,0,0.0,Madera Community Hospital,2019
639,665,PROSTATECTOMY W MCC,0,0.0,Madera Community Hospital,2019
640,666,PROSTATECTOMY W CC,0,0.0,Madera Community Hospital,2019
641,667,PROSTATECTOMY W/O CC/MCC,0,0.0,Madera Community Hospital,2019
642,668,TRANSURETHRAL PROCEDURES W MCC,0,0.0,Madera Community Hospital,2019
643,669,TRANSURETHRAL PROCEDURES W CC,0,0.0,Madera Community Hospital,2019
644,670,TRANSURETHRAL PROCEDURES W/O CC/MCC,0,0.0,Madera Community Hospital,2019
645,671,URETHRAL PROCEDURES W CC/MCC,0,0.0,Madera Community Hospital,2019
646,672,URETHRAL PROCEDURES W/O CC/MCC,0,0.0,Madera Community Hospital,2019
647,673,OTHER KIDNEY & URINARY TRACT PROCEDURES W MCC,14,70678.28,Madera Community Hospital,2019
648,674,OTHER KIDNEY & URINARY TRACT PROCEDURES W CC,6,34197.16,Madera Community Hospital,2019
649,675,OTHER KIDNEY & URINARY TRACT PROCEDURES W/O CC/MCC,0,0.0,Madera Community Hospital,2019
650,676,2500+ GR - NO OR - MAJOR DX PROB,0,0.0,Madera Community Hospital,2019
651,677,2500+ GR - NO OR - MINOR DX PROB,0,0.0,Madera Community Hospital,2019
652,678,2500+ GR - NO OR - NO DX PROB,0,0.0,Madera Community Hospital,2019
653,680,NB TEST,0,0.0,Madera Community Hospital,2019
654,682,RENAL FAILURE W MCC,60,27687.14,Madera Community Hospital,2019
655,683,RENAL FAILURE W CC,64,18646.51,Madera Community Hospital,2019
656,684,RENAL FAILURE W/O CC/MCC,6,12951.64,Madera Community Hospital,2019
657,686,KIDNEY & URINARY TRACT NEOPLASMS W MCC,1,21131.55,Madera Community Hospital,2019
658,687,KIDNEY & URINARY TRACT NEOPLASMS W CC,0,0.0,Madera Community Hospital,2019
659,688,KIDNEY & URINARY TRACT NEOPLASMS W/O CC/MCC,0,0.0,Madera Community Hospital,2019
660,689,KIDNEY & URINARY TRACT INFECTIONS W MCC,12,53637.41,Madera Community Hospital,2019
661,690,KIDNEY & URINARY TRACT INFECTIONS W/O MCC,31,15353.55,Madera Community Hospital,2019
662,691,URINARY STONES W ESW LITHOTRIPSY W CC/MCC,0,0.0,Madera Community Hospital,2019
663,692,URINARY STONES W ESW LITHOTRIPSY W/O CC/MCC,0,0.0,Madera Community Hospital,2019
664,693,URINARY STONES W/O ESW LITHOTRIPSY W MCC,0,0.0,Madera Community Hospital,2019
665,694,URINARY STONES W/O ESW LITHOTRIPSY W/O MCC,1,11450.78,Madera Community Hospital,2019
666,695,KIDNEY & URINARY TRACT SIGNS & SYMPTOMS W MCC,0,0.0,Madera Community Hospital,2019
667,696,KIDNEY & URINARY TRACT SIGNS & SYMPTOMS W/O MCC,0,0.0,Madera Community Hospital,2019
668,697,URETHRAL STRICTURE,1,4609.36,Madera Community Hospital,2019
669,698,OTHER KIDNEY & URINARY TRACT DIAGNOSES W MCC,9,31912.86,Madera Community Hospital,2019
670,699,OTHER KIDNEY & URINARY TRACT DIAGNOSES W CC,3,18096.35,Madera Community Hospital,2019
671,700,OTHER KIDNEY & URINARY TRACT DIAGNOSES W/O CC/MCC,2,40947.8,Madera Community Hospital,2019
672,701,**TEST GROUPER 11**,0,0.0,Madera Community Hospital,2019
673,703,**THIRD TEST GROUPER**,0,0.0,Madera Community Hospital,2019
674,707,MAJOR MALE PELVIC PROCEDURES W CC/MCC,0,0.0,Madera Community Hospital,2019
675,708,MAJOR MALE PELVIC PROCEDURES W/O CC/MCC,0,0.0,Madera Community Hospital,2019
676,709,PENIS PROCEDURES W CC/MCC,0,0.0,Madera Community Hospital,2019
677,710,PENIS PROCEDURES W/O CC/MCC,0,0.0,Madera Community Hospital,2019
678,711,TESTES PROCEDURES W CC/MCC,0,0.0,Madera Community Hospital,2019
679,712,TESTES PROCEDURES W/O CC/MCC,1,24915.97,Madera Community Hospital,2019
680,713,TRANSURETHRAL PROSTATECTOMY W CC/MCC,0,0.0,Madera Community Hospital,2019
681,714,TRANSURETHRAL PROSTATECTOMY W/O CC/MCC,0,0.0,Madera Community Hospital,2019
682,715,OTHER MALE REPRODUCTIVE SYSTEM O.R. PROC FOR MALIGNANCY W CC/MCC,0,0.0,Madera Community Hospital,2019
683,716,OTHER MALE REPRODUCTIVE SYSTEM O.R. PROC FOR MALIGNANCY W/O CC/MCC,0,0.0,Madera Community Hospital,2019
684,717,OTHER MALE REPRODUCTIVE SYSTEM O.R. PROC EXC MALIGNANCY W CC/MCC,1,25209.29,Madera Community Hospital,2019
685,718,OTHER MALE REPRODUCTIVE SYSTEM O.R. PROC EXC MALIGNANCY W/O CC/MCC,0,0.0,Madera Community Hospital,2019
686,722,"MALIGNANCY, MALE REPRODUCTIVE SYSTEM W MCC",0,0.0,Madera Community Hospital,2019
687,723,"MALIGNANCY, MALE REPRODUCTIVE SYSTEM W CC",0,0.0,Madera Community Hospital,2019
688,724,"MALIGNANCY, MALE REPRODUCTIVE SYSTEM W/O CC/MCC",0,0.0,Madera Community Hospital,2019
689,725,BENIGN PROSTATIC HYPERTROPHY W MCC,0,0.0,Madera Community Hospital,2019
690,726,BENIGN PROSTATIC HYPERTROPHY W/O MCC,0,0.0,Madera Community Hospital,2019
691,727,INFLAMMATION OF THE MALE REPRODUCTIVE SYSTEM W MCC,0,0.0,Madera Community Hospital,2019
692,728,INFLAMMATION OF THE MALE REPRODUCTIVE SYSTEM W/O MCC,0,0.0,Madera Community Hospital,2019
693,729,OTHER MALE REPRODUCTIVE SYSTEM DIAGNOSES W CC/MCC,0,0.0,Madera Community Hospital,2019
694,730,OTHER MALE REPRODUCTIVE SYSTEM DIAGNOSES W/O CC/MCC,0,0.0,Madera Community Hospital,2019
695,734,"PELVIC EVISCERATION, RAD HYSTERECTOMY & RAD VULVECTOMY W CC/MCC",0,0.0,Madera Community Hospital,2019
696,735,"PELVIC EVISCERATION, RAD HYSTERECTOMY & RAD VULVECTOMY W/O CC/MCC",0,0.0,Madera Community Hospital,2019
697,736,UTERINE & ADNEXA PROC FOR OVARIAN OR ADNEXAL MALIGNANCY W MCC,0,0.0,Madera Community Hospital,2019
698,737,UTERINE & ADNEXA PROC FOR OVARIAN OR ADNEXAL MALIGNANCY W CC,0,0.0,Madera Community Hospital,2019
699,738,UTERINE & ADNEXA PROC FOR OVARIAN OR ADNEXAL MALIGNANCY W/O CC/MCC,1,29735.53,Madera Community Hospital,2019
700,739,"UTERINE,ADNEXA PROC FOR NON-OVARIAN/ADNEXAL MALIG W MCC",2,109126.73,Madera Community Hospital,2019
701,740,"UTERINE,ADNEXA PROC FOR NON-OVARIAN/ADNEXAL MALIG W CC",1,35410.37,Madera Community Hospital,2019
702,741,"UTERINE,ADNEXA PROC FOR NON-OVARIAN/ADNEXAL MALIG W/O CC/MCC",3,23192.03,Madera Community Hospital,2019
703,742,UTERINE & ADNEXA PROC FOR NON-MALIGNANCY W CC/MCC,18,33960.89,Madera Community Hospital,2019
704,743,UTERINE & ADNEXA PROC FOR NON-MALIGNANCY W/O CC/MCC,25,27594.8,Madera Community Hospital,2019
705,744,"D&C, CONIZATION, LAPAROSCOPY & TUBAL INTERRUPTION W CC/MCC",0,0.0,Madera Community Hospital,2019
706,745,"D&C, CONIZATION, LAPAROSCOPY & TUBAL INTERRUPTION W/O CC/MCC",1,10588.7,Madera Community Hospital,2019
707,746,"VAGINA, CERVIX & VULVA PROCEDURES W CC/MCC",2,21904.3,Madera Community Hospital,2019
708,747,"VAGINA, CERVIX & VULVA PROCEDURES W/O CC/MCC",0,0.0,Madera Community Hospital,2019
709,748,FEMALE REPRODUCTIVE SYSTEM RECONSTRUCTIVE PROCEDURES,0,0.0,Madera Community Hospital,2019
710,749,OTHER FEMALE REPRODUCTIVE SYSTEM O.R. PROCEDURES W CC/MCC,1,83530.93,Madera Community Hospital,2019
711,750,OTHER FEMALE REPRODUCTIVE SYSTEM O.R. PROCEDURES W/O CC/MCC,0,0.0,Madera Community Hospital,2019
712,754,"MALIGNANCY, FEMALE REPRODUCTIVE SYSTEM W MCC",0,0.0,Madera Community Hospital,2019
713,755,"MALIGNANCY, FEMALE REPRODUCTIVE SYSTEM W CC",1,13086.68,Madera Community Hospital,2019
714,756,"MALIGNANCY, FEMALE REPRODUCTIVE SYSTEM W/O CC/MCC",0,0.0,Madera Community Hospital,2019
715,757,"INFECTIONS, FEMALE REPRODUCTIVE SYSTEM W MCC",0,0.0,Madera Community Hospital,2019
716,758,"INFECTIONS, FEMALE REPRODUCTIVE SYSTEM W CC",0,0.0,Madera Community Hospital,2019
717,759,"INFECTIONS, FEMALE REPRODUCTIVE SYSTEM W/O CC/MCC",2,14134.29,Madera Community Hospital,2019
718,760,MENSTRUAL & OTHER FEMALE REPRODUCTIVE SYSTEM DISORDERS W CC/MCC,2,8329.37,Madera Community Hospital,2019
719,761,MENSTRUAL & OTHER FEMALE REPRODUCTIVE SYSTEM DISORDERS W/O CC/MCC,1,9370.44,Madera Community Hospital,2019
720,768,VAGINAL DELIVERY W O.R. PROC EXCEPT STERIL &/OR D&C,5,4830.22,Madera Community Hospital,2019
721,769,POSTPARTUM & POST ABORTION DIAGNOSES W O.R. PROCEDURE,5,9028.21,Madera Community Hospital,2019
722,770,"ABORTION W D&C, ASPIRATION CURETTAGE OR HYSTEROTOMY",2,18245.0,Madera Community Hospital,2019
723,773,BC/BS,0,0.0,Madera Community Hospital,2019
724,776,POSTPARTUM & POST ABORTION DIAGNOSES W/O O.R. PROCEDURE,10,5817.33,Madera Community Hospital,2019
725,779,ABORTION W/O D&C,2,3882.92,Madera Community Hospital,2019
726,783,CESAREAN SECTION W STERILIZATION W MCC,2,21261.44,Madera Community Hospital,2019
727,784,CESAREAN SECTION W STERILIZATION W CC,8,20425.68,Madera Community Hospital,2019
728,785,CESAREAN SECTION W STERILIZATION W/O CC/MCC,26,18088.81,Madera Community Hospital,2019
729,786,CESAREAN SECTION W/O STERILIZATION W MCC,18,19652.17,Madera Community Hospital,2019
730,787,CESAREAN SECTION W/O STERILIZATION W CC,16,19144.93,Madera Community Hospital,2019
731,788,CESAREAN SECTION W/O STERILIZATION W/O CC/MCC,65,17635.12,Madera Community Hospital,2019
732,789,"NEONATES, DIED OR TRANSFERRED TO ANOTHER ACUTE CARE FACILITY",55,1775.4,Madera Community Hospital,2019
733,790,"EXTREME IMMATURITY OR RESPIRATORY DISTRESS SYNDROME, NEONATE",0,0.0,Madera Community Hospital,2019
734,791,PREMATURITY W MAJOR PROBLEMS,3,1797.41,Madera Community Hospital,2019
735,792,PREMATURITY W/O MAJOR PROBLEMS,20,2701.58,Madera Community Hospital,2019
736,793,FULL TERM NEONATE W MAJOR PROBLEMS,3,1620.71,Madera Community Hospital,2019
737,794,NEONATE W OTHER SIGNIFICANT PROBLEMS,186,2826.75,Madera Community Hospital,2019
738,795,NORMAL NEWBORN,529,2634.78,Madera Community Hospital,2019
739,796,VAGINAL DELIVERY W STERILIZATION/D&C W MCC,1,12995.53,Madera Community Hospital,2019
740,797,VAGINAL DELIVERY W STERILIZATION/D&C W CC,4,17738.36,Madera Community Hospital,2019
741,798,VAGINAL DELIVERY W STERILIZATION/D&C WO CC/MCC,17,14215.98,Madera Community Hospital,2019
742,799,SPLENECTOMY W MCC,0,0.0,Madera Community Hospital,2019
743,800,SPLENECTOMY W CC,0,0.0,Madera Community Hospital,2019
744,801,SPLENECTOMY W/O CC/MCC,0,0.0,Madera Community Hospital,2019
745,802,OTHER O.R. PROC OF THE BLOOD & BLOOD FORMING ORGANS W MCC,0,0.0,Madera Community Hospital,2019
746,803,OTHER O.R. PROC OF THE BLOOD & BLOOD FORMING ORGANS W CC,0,0.0,Madera Community Hospital,2019
747,804,OTHER O.R. PROC OF THE BLOOD & BLOOD FORMING ORGANS W/O CC/MCC,0,0.0,Madera Community Hospital,2019
748,805,VAGINAL DELIVERY W/O STERILIZATION/D&C W MCC,22,8514.96,Madera Community Hospital,2019
749,806,VAGINAL DELIVERY W/O STERILIZATION/D&C W CC,50,7612.02,Madera Community Hospital,2019
750,807,VAGINAL DELIVERY W/O STERILIZATION/D&C W/O CC/MCC,252,5999.4,Madera Community Hospital,2019
751,808,MAJOR HEMATOL/IMMUN DIAG EXC SICKLE CELL CRISIS & COAGUL W MCC,1,32711.59,Madera Community Hospital,2019
752,809,MAJOR HEMATOL/IMMUN DIAG EXC SICKLE CELL CRISIS & COAGUL W CC,2,35082.29,Madera Community Hospital,2019
753,810,MAJOR HEMATOL/IMMUN DIAG EXC SICKLE CELL CRISIS & COAGUL W/O CC/MCC,0,0.0,Madera Community Hospital,2019
754,811,RED BLOOD CELL DISORDERS W MCC,7,24421.77,Madera Community Hospital,2019
755,812,RED BLOOD CELL DISORDERS W/O MCC,18,16096.79,Madera Community Hospital,2019
756,813,COAGULATION DISORDERS,2,5939.47,Madera Community Hospital,2019
757,814,RETICULOENDOTHELIAL & IMMUNITY DISORDERS W MCC,0,0.0,Madera Community Hospital,2019
758,815,RETICULOENDOTHELIAL & IMMUNITY DISORDERS W CC,0,0.0,Madera Community Hospital,2019
759,816,RETICULOENDOTHELIAL & IMMUNITY DISORDERS W/O CC/MCC,0,0.0,Madera Community Hospital,2019
760,817,OTHER ANTEPARTUM DIAGNOSES W O.R. PROCEDURE W MCC,0,0.0,Madera Community Hospital,2019
761,818,OTHER ANTEPARTUM DIAGNOSES W O.R. PROCEDURE W CC,3,17288.86,Madera Community Hospital,2019
762,819,OTHER ANTEPARTUM DIAGNOSES W O.R. PROCEDURE W/O CC/MCC,0,0.0,Madera Community Hospital,2019
763,820,LYMPHOMA & LEUKEMIA W MAJOR O.R. PROCEDURE W MCC,1,28825.04,Madera Community Hospital,2019
764,821,LYMPHOMA & LEUKEMIA W MAJOR O.R. PROCEDURE W CC,1,61953.85,Madera Community Hospital,2019
765,822,LYMPHOMA & LEUKEMIA W MAJOR O.R. PROCEDURE W/O CC/MCC,0,0.0,Madera Community Hospital,2019
766,823,LYMPHOMA & NON-ACUTE LEUKEMIA W OTHER PROC W MCC,0,0.0,Madera Community Hospital,2019
767,824,LYMPHOMA & NON-ACUTE LEUKEMIA W OTHER PROC W CC,0,0.0,Madera Community Hospital,2019
768,825,LYMPHOMA & NON-ACUTE LEUKEMIA W OTHER PROC W/O CC/MCC,0,0.0,Madera Community Hospital,2019
769,826,MYELOPROLIF DISORD OR POORLY DIFF NEOPL W MAJ O.R. PROC W MCC,0,0.0,Madera Community Hospital,2019
770,827,MYELOPROLIF DISORD OR POORLY DIFF NEOPL W MAJ O.R. PROC W CC,0,0.0,Madera Community Hospital,2019
771,828,MYELOPROLIF DISORD OR POORLY DIFF NEOPL W MAJ O.R. PROC W/O CC/MCC,0,0.0,Madera Community Hospital,2019
772,829,MYELOPROLIFERATIVE DISORDERS OR POORLY DIFFERENTIATED NEOPLASMS W OTHE,1,22922.64,Madera Community Hospital,2019
773,830,MYELOPROLIFERATIVE DISORDERS OR POORLY DIFFERENTIATED NEOPLASMS W OTHE,0,0.0,Madera Community Hospital,2019
774,831,OTHER ANTEPARTUM DIAGNOSES W/O O.R. PROCEDURE W MCC,2,60980.63,Madera Community Hospital,2019
775,832,OTHER ANTEPARTUM DIAGNOSES W/O O.R. PROCEDURE W CC,2,14985.04,Madera Community Hospital,2019
776,833,OTHER ANTEPARTUM DIAGNOSES W/O O.R. PROCEDURE W/O CC/MCC,10,5114.64,Madera Community Hospital,2019
777,834,ACUTE LEUKEMIA W/O MAJOR O.R. PROCEDURE W MCC,0,0.0,Madera Community Hospital,2019
778,835,ACUTE LEUKEMIA W/O MAJOR O.R. PROCEDURE W CC,0,0.0,Madera Community Hospital,2019
779,836,ACUTE LEUKEMIA W/O MAJOR O.R. PROCEDURE W/O CC/MCC,0,0.0,Madera Community Hospital,2019
780,837,CHEMO W ACUTE LEUKEMIA AS SDX OR W HIGH DOSE CHEMO AGENT W MCC,0,0.0,Madera Community Hospital,2019
781,838,CHEMO W ACUTE LEUKEMIA AS SDX W CC OR HIGH DOSE CHEMO AGENT,0,0.0,Madera Community Hospital,2019
782,839,CHEMO W ACUTE LEUKEMIA AS SDX W/O CC/MCC,0,0.0,Madera Community Hospital,2019
783,840,LYMPHOMA & NON-ACUTE LEUKEMIA W MCC,1,11424.84,Madera Community Hospital,2019
784,841,LYMPHOMA & NON-ACUTE LEUKEMIA W CC,2,20131.1,Madera Community Hospital,2019
785,842,LYMPHOMA & NON-ACUTE LEUKEMIA W/O CC/MCC,3,19864.4,Madera Community Hospital,2019
786,843,OTHER MYELOPROLIF DIS OR POORLY DIFF NEOPL DIAG W MCC,0,0.0,Madera Community Hospital,2019
787,844,OTHER MYELOPROLIF DIS OR POORLY DIFF NEOPL DIAG W CC,0,0.0,Madera Community Hospital,2019
788,845,OTHER MYELOPROLIF DIS OR POORLY DIFF NEOPL DIAG W/O CC/MCC,0,0.0,Madera Community Hospital,2019
789,846,CHEMOTHERAPY W/O ACUTE LEUKEMIA AS SECONDARY DIAGNOSIS W MCC,0,0.0,Madera Community Hospital,2019
790,847,CHEMOTHERAPY W/O ACUTE LEUKEMIA AS SECONDARY DIAGNOSIS W CC,0,0.0,Madera Community Hospital,2019
791,848,CHEMOTHERAPY W/O ACUTE LEUKEMIA AS SECONDARY DIAGNOSIS W/O CC/MCC,0,0.0,Madera Community Hospital,2019
792,849,RADIOTHERAPY,0,0.0,Madera Community Hospital,2019
793,850,NEW YORK STATE GROUPER DRG,0,0.0,Madera Community Hospital,2019
794,853,INFECTIOUS & PARASITIC DISEASES W O.R. PROCEDURE W MCC,25,143958.08,Madera Community Hospital,2019
795,854,INFECTIOUS & PARASITIC DISEASES W O.R. PROCEDURE W CC,24,39446.81,Madera Community Hospital,2019
796,855,INFECTIOUS & PARASITIC DISEASES W O.R. PROCEDURE W/O CC/MCC,0,0.0,Madera Community Hospital,2019
797,856,POSTOPERATIVE OR POST-TRAUMATIC INFECTIONS W O.R. PROC W MCC,0,0.0,Madera Community Hospital,2019
798,857,POSTOPERATIVE OR POST-TRAUMATIC INFECTIONS W O.R. PROC W CC,4,60636.86,Madera Community Hospital,2019
799,858,POSTOPERATIVE OR POST-TRAUMATIC INFECTIONS W O.R. PROC W/O CC/MCC,1,31856.7,Madera Community Hospital,2019
800,862,POSTOPERATIVE & POST-TRAUMATIC INFECTIONS W MCC,4,36229.45,Madera Community Hospital,2019
801,863,POSTOPERATIVE & POST-TRAUMATIC INFECTIONS W/O MCC,6,11947.89,Madera Community Hospital,2019
802,864,FEVER AND INFLAMMATORY CONDITIONS,1,8006.38,Madera Community Hospital,2019
803,865,VIRAL ILLNESS W MCC,1,26778.95,Madera Community Hospital,2019
804,866,VIRAL ILLNESS W/O MCC,2,20694.34,Madera Community Hospital,2019
805,867,OTHER INFECTIOUS & PARASITIC DISEASES DIAGNOSES W MCC,2,16218.1,Madera Community Hospital,2019
806,868,OTHER INFECTIOUS & PARASITIC DISEASES DIAGNOSES W CC,0,0.0,Madera Community Hospital,2019
807,869,OTHER INFECTIOUS & PARASITIC DISEASES DIAGNOSES W/O CC/MCC,1,16483.18,Madera Community Hospital,2019
808,870,SEPTICEMIA OR SEVERE SEPSIS W MV >96 HOURS OR PERIPHERAL EXTRACORPOREA,17,152447.48,Madera Community Hospital,2019
809,871,SEPTICEMIA OR SEVERE SEPSIS W/O MV >96 HOURS W MCC,186,39669.62,Madera Community Hospital,2019
810,872,SEPTICEMIA OR SEVERE SEPSIS W/O MV >96 HOURS W/O MCC,83,22544.74,Madera Community Hospital,2019
811,876,O.R. PROCEDURE W PRINCIPAL DIAGNOSES OF MENTAL ILLNESS,0,0.0,Madera Community Hospital,2019
812,877,TESTING DESCRIPTION,0,0.0,Madera Community Hospital,2019
813,879,TEST,0,0.0,Madera Community Hospital,2019
814,880,ACUTE ADJUSTMENT REACTION & PSYCHOSOCIAL DYSFUNCTION,0,0.0,Madera Community Hospital,2019
815,881,DEPRESSIVE NEUROSES,0,0.0,Madera Community Hospital,2019
816,882,NEUROSES EXCEPT DEPRESSIVE,0,0.0,Madera Community Hospital,2019
817,883,DISORDERS OF PERSONALITY & IMPULSE CONTROL,0,0.0,Madera Community Hospital,2019
818,884,ORGANIC DISTURBANCES & INTELLECTUAL DISABILITY,0,0.0,Madera Community Hospital,2019
819,885,PSYCHOSES,1,7552.38,Madera Community Hospital,2019
820,886,BEHAVIORAL & DEVELOPMENTAL DISORDERS,0,0.0,Madera Community Hospital,2019
821,887,OTHER MENTAL DISORDER DIAGNOSES,0,0.0,Madera Community Hospital,2019
822,888,LOLOLOLOLOLO,0,0.0,Madera Community Hospital,2019
823,894,"ALCOHOL/DRUG ABUSE OR DEPENDENCE, LEFT AMA",1,5798.47,Madera Community Hospital,2019
824,895,ALCOHOL/DRUG ABUSE OR DEPENDENCE W REHABILITATION THERAPY,0,0.0,Madera Community Hospital,2019
825,896,ALCOHOL/DRUG ABUSE OR DEPENDENCE W/O REHABILITATION THERAPY W MCC,5,51066.25,Madera Community Hospital,2019
826,897,ALCOHOL/DRUG ABUSE OR DEPENDENCE W/O REHABILITATION THERAPY W/O MCC,16,11892.64,Madera Community Hospital,2019
827,899,THIS IS A CUSTOM DRG,0,0.0,Madera Community Hospital,2019
828,900,TESTING,0,0.0,Madera Community Hospital,2019
829,901,WOUND DEBRIDEMENTS FOR INJURIES W MCC,0,0.0,Madera Community Hospital,2019
830,902,WOUND DEBRIDEMENTS FOR INJURIES W CC,0,0.0,Madera Community Hospital,2019
831,903,WOUND DEBRIDEMENTS FOR INJURIES W/O CC/MCC,0,0.0,Madera Community Hospital,2019
832,904,SKIN GRAFTS FOR INJURIES W CC/MCC,0,0.0,Madera Community Hospital,2019
833,905,SKIN GRAFTS FOR INJURIES W/O CC/MCC,0,0.0,Madera Community Hospital,2019
834,906,HAND PROCEDURES FOR INJURIES,0,0.0,Madera Community Hospital,2019
835,907,OTHER O.R. PROCEDURES FOR INJURIES W MCC,1,47273.06,Madera Community Hospital,2019
836,908,OTHER O.R. PROCEDURES FOR INJURIES W CC,1,47236.95,Madera Community Hospital,2019
837,909,OTHER O.R. PROCEDURES FOR INJURIES W/O CC/MCC,3,18143.91,Madera Community Hospital,2019
838,913,TRAUMATIC INJURY W MCC,0,0.0,Madera Community Hospital,2019
839,914,TRAUMATIC INJURY W/O MCC,1,13194.25,Madera Community Hospital,2019
840,915,ALLERGIC REACTIONS W MCC,1,16226.32,Madera Community Hospital,2019
841,916,ALLERGIC REACTIONS W/O MCC,1,12342.38,Madera Community Hospital,2019
842,917,POISONING & TOXIC EFFECTS OF DRUGS W MCC,29,21768.87,Madera Community Hospital,2019
843,918,POISONING & TOXIC EFFECTS OF DRUGS W/O MCC,10,14476.36,Madera Community Hospital,2019
844,919,COMPLICATIONS OF TREATMENT W MCC,2,15323.32,Madera Community Hospital,2019
845,920,COMPLICATIONS OF TREATMENT W CC,5,23321.67,Madera Community Hospital,2019
846,921,COMPLICATIONS OF TREATMENT W/O CC/MCC,1,19697.05,Madera Community Hospital,2019
847,922,"OTHER INJURY, POISONING & TOXIC EFFECT DIAG W MCC",1,52105.7,Madera Community Hospital,2019
848,923,"OTHER INJURY, POISONING & TOXIC EFFECT DIAG W/O MCC",1,12414.63,Madera Community Hospital,2019
849,927,EXTENSIVE BURNS OR FULL THICKNESS BURNS W MV >96 HRS W SKIN GRAFT,0,0.0,Madera Community Hospital,2019
850,928,FULL THICKNESS BURN W SKIN GRAFT OR INHAL INJ W CC/MCC,0,0.0,Madera Community Hospital,2019
851,929,FULL THICKNESS BURN W SKIN GRAFT OR INHAL INJ W/O CC/MCC,0,0.0,Madera Community Hospital,2019
852,933,EXTENSIVE BURNS OR FULL THICKNESS BURNS W MV >96 HRS W/O SKIN GRAFT,0,0.0,Madera Community Hospital,2019
853,934,FULL THICKNESS BURN W/O SKIN GRAFT OR INHAL INJ,0,0.0,Madera Community Hospital,2019
854,935,NON-EXTENSIVE BURNS,0,0.0,Madera Community Hospital,2019
855,939,O.R. PROC W DIAGNOSES OF OTHER CONTACT W HEALTH SERVICES W MCC,0,0.0,Madera Community Hospital,2019
856,940,O.R. PROC W DIAGNOSES OF OTHER CONTACT W HEALTH SERVICES W CC,1,20200.86,Madera Community Hospital,2019
857,941,O.R. PROC W DIAGNOSES OF OTHER CONTACT W HEALTH SERVICES W/O CC/MCC,0,0.0,Madera Community Hospital,2019
858,945,REHABILITATION W CC/MCC,0,0.0,Madera Community Hospital,2019
859,946,REHABILITATION W/O CC/MCC,0,0.0,Madera Community Hospital,2019
860,947,SIGNS & SYMPTOMS W MCC,2,20474.68,Madera Community Hospital,2019
861,948,SIGNS & SYMPTOMS W/O MCC,10,14509.73,Madera Community Hospital,2019
862,949,AFTERCARE W CC/MCC,1,10916.79,Madera Community Hospital,2019
863,950,AFTERCARE W/O CC/MCC,0,0.0,Madera Community Hospital,2019
864,951,OTHER FACTORS INFLUENCING HEALTH STATUS,3,4161.47,Madera Community Hospital,2019
865,952,EB TEST,0,0.0,Madera Community Hospital,2019
866,955,CRANIOTOMY FOR MULTIPLE SIGNIFICANT TRAUMA,0,0.0,Madera Community Hospital,2019
867,956,"LIMB REATTACHMENT, HIP & FEMUR PROC FOR MULTIPLE SIGNIFICANT TRAUMA",1,55724.78,Madera Community Hospital,2019
868,957,OTHER O.R. PROCEDURES FOR MULTIPLE SIGNIFICANT TRAUMA W MCC,0,0.0,Madera Community Hospital,2019
869,958,OTHER O.R. PROCEDURES FOR MULTIPLE SIGNIFICANT TRAUMA W CC,0,0.0,Madera Community Hospital,2019
870,959,OTHER O.R. PROCEDURES FOR MULTIPLE SIGNIFICANT TRAUMA W/O CC/MCC,0,0.0,Madera Community Hospital,2019
871,963,OTHER MULTIPLE SIGNIFICANT TRAUMA W MCC,0,0.0,Madera Community Hospital,2019
872,964,OTHER MULTIPLE SIGNIFICANT TRAUMA W CC,0,0.0,Madera Community Hospital,2019
873,965,OTHER MULTIPLE SIGNIFICANT TRAUMA W/O CC/MCC,0,0.0,Madera Community Hospital,2019
874,969,HIV W EXTENSIVE O.R. PROCEDURE W MCC,0,0.0,Madera Community Hospital,2019
875,970,HIV W EXTENSIVE O.R. PROCEDURE W/O MCC,0,0.0,Madera Community Hospital,2019
876,971,abc4567890123456789012345678901234567890123456789012345678901234567890,0,0.0,Madera Community Hospital,2019
877,974,HIV W MAJOR RELATED CONDITION W MCC,1,218548.87,Madera Community Hospital,2019
878,975,HIV W MAJOR RELATED CONDITION W CC,5,23832.59,Madera Community Hospital,2019
879,976,HIV W MAJOR RELATED CONDITION W/O CC/MCC,2,13219.53,Madera Community Hospital,2019
880,977,HIV W OR W/O OTHER RELATED CONDITION,0,0.0,Madera Community Hospital,2019
881,981,EXTENSIVE O.R. PROCEDURE UNRELATED TO PRINCIPAL DIAGNOSIS W MCC,3,93472.85,Madera Community Hospital,2019
882,982,EXTENSIVE O.R. PROCEDURE UNRELATED TO PRINCIPAL DIAGNOSIS W CC,4,27407.86,Madera Community Hospital,2019
883,983,EXTENSIVE O.R. PROCEDURE UNRELATED TO PRINCIPAL DIAGNOSIS W/O CC/MCC,2,28260.08,Madera Community Hospital,2019
884,987,NON-EXTENSIVE O.R. PROC UNRELATED TO PRINCIPAL DIAGNOSIS W MCC,3,44775.1,Madera Community Hospital,2019
885,988,NON-EXTENSIVE O.R. PROC UNRELATED TO PRINCIPAL DIAGNOSIS W CC,0,0.0,Madera Community Hospital,2019
886,989,NON-EXTENSIVE O.R. PROC UNRELATED TO PRINCIPAL DIAGNOSIS W/O CC/MCC,2,24601.55,Madera Community Hospital,2019
887,995,TESTING PURPOSES,0,0.0,Madera Community Hospital,2019
888,998,PRINCIPAL DIAGNOSIS INVALID AS DISCHARGE DIAGNOSIS,0,0.0,Madera Community Hospital,2019
889,999,UNGROUPABLE,0,0.0,Madera Community Hospital,2019
890,A12,JANICE'S TEST FOR DRG,0,0.0,Madera Community Hospital,2019
891,Z11,NONHICFA DATA TEST,0,0.0,Madera Community Hospital,2019
