,EAP,Description,Revenue Code,Price,Hospital,Year
0,81000008,ACETAMINOPHEN 10MG/ML SOLN,250,313.3,Sutter Maternity & Surgery Center,2019
1,81000008,ACETAZOLAMIDE 500MG SOLR,250,174.3,Sutter Maternity & Surgery Center,2019
2,81000008,ACETAZOLAMIDE 500MG SOLR 1 EACH VIAL,250,174.3,Sutter Maternity & Surgery Center,2019
3,81000000,ACETYLCHOLINE 20MG SOLR,250,734.7,Sutter Maternity & Surgery Center,2019
4,81000000,ACYCLOVIR 400MG TABS,250,15.0,Sutter Maternity & Surgery Center,2019
5,81000008,ADENOSINE 3MG/ML SOLN,636,210.0,Sutter Maternity & Surgery Center,2019
6,81000008,ADENOSINE 6MG/2ML SOLN,636,75.0,Sutter Maternity & Surgery Center,2019
7,81000000,ALBUTEROL 0.083% NEBU,250,15.0,Sutter Maternity & Surgery Center,2019
8,81000000,ALBUTEROL 108 (90 BASE) MCG/ACT AERS 8.5 G INHALER,250,375.0,Sutter Maternity & Surgery Center,2019
9,81000000,ALLOPURINOL 100MG TABS,250,15.0,Sutter Maternity & Surgery Center,2019
10,81000000,ALPRAZOLAM 0.25MG TABS,250,40.0,Sutter Maternity & Surgery Center,2019
11,81000008,ALTEPLASE 2MG SOLR,250,975.0,Sutter Maternity & Surgery Center,2019
12,81000000,AMITRIPTYLINE 25MG TABS,250,15.0,Sutter Maternity & Surgery Center,2019
13,81000000,AMLODIPINE 5MG TABS,250,15.0,Sutter Maternity & Surgery Center,2019
14,81000000,AMMONIA INHA 10 EACH PACKAGE,250,2.0,Sutter Maternity & Surgery Center,2019
15,81000000,AMOXICILLIN/CLAVULANATE 875MG/125MG TABS,250,27.79,Sutter Maternity & Surgery Center,2019
16,81000008,"AMPICILLIN 1,000MG",250,75.0,Sutter Maternity & Surgery Center,2019
17,81000008,"AMPICILLIN 1,000MG/50ML SOLN",250,75.0,Sutter Maternity & Surgery Center,2019
18,81000008,"AMPICILLIN 2,000MG",250,117.27,Sutter Maternity & Surgery Center,2019
19,81000008,"AMPICILLIN 2,000MG/100ML",250,117.27,Sutter Maternity & Surgery Center,2019
20,81000008,AMPICILLIN 500MG INJ,250,75.0,Sutter Maternity & Surgery Center,2019
21,81000008,AMPICILLIN 500MG SOLR,250,75.0,Sutter Maternity & Surgery Center,2019
22,81000000,APIXABAN 2.5MG TABS,250,48.86,Sutter Maternity & Surgery Center,2019
23,81000000,ARTIFICIAL TEARS 83-15 % OINT 1 G TUBE,250,2.0,Sutter Maternity & Surgery Center,2019
24,81000000,ARTIFICIAL TEARS 83-15 % OINT 3.5 G TUBE,250,2.0,Sutter Maternity & Surgery Center,2019
25,81000000,ARTIFICIAL TEARS OINT 3.5 G TUBE,250,2.0,Sutter Maternity & Surgery Center,2019
26,81000000,ASCORBIC ACID 500MG TABS,250,2.0,Sutter Maternity & Surgery Center,2019
27,81000000,ATENOLOL 25MG TABS,250,15.0,Sutter Maternity & Surgery Center,2019
28,81000000,ATORVASTATIN 20MG TABS,250,15.0,Sutter Maternity & Surgery Center,2019
29,81000008,ATROPINE 0.4MG/ML SOLN,636,75.0,Sutter Maternity & Surgery Center,2019
30,81000000,ATROPINE 1% SOLN 5 ML BOTTLE,250,84.1,Sutter Maternity & Surgery Center,2019
31,81000008,ATROPINE 1MG/10ML SOSY,250,77.7,Sutter Maternity & Surgery Center,2019
32,81000008,ATROPINE 1MG/ML SOLN,636,75.0,Sutter Maternity & Surgery Center,2019
33,81000000,AZITHROMYCIN 250MG TABS,250,62.27,Sutter Maternity & Surgery Center,2019
34,81000008,AZITHROMYCIN 500MG,250,75.0,Sutter Maternity & Surgery Center,2019
35,81000008,AZITHROMYCIN 500MG SOLR,250,75.0,Sutter Maternity & Surgery Center,2019
36,81000008,AZITHROMYCIN 500MG/250ML SOLR,250,75.0,Sutter Maternity & Surgery Center,2019
37,80000008,"BACITRACIN 50,000 UNITS SOLR",250,138.6,Sutter Maternity & Surgery Center,2019
38,80000008,"BACITRACIN 50,000 UNITS SOLR 1 EACH VIAL",250,138.6,Sutter Maternity & Surgery Center,2019
39,80000001,"BACITRACIN 50,000 UNITS, POLYMYXIN B 500,000 UNITS",250,193.76,Sutter Maternity & Surgery Center,2019
40,81000000,BACITRACIN 500 UNITS/G OINT,250,2.0,Sutter Maternity & Surgery Center,2019
41,81000000,BACITRACIN 500 UNITS/G OINT 28.4 G TUBE,250,2.0,Sutter Maternity & Surgery Center,2019
42,81000000,BACITRACIN ZINC 500 UNITS/G OINT 28.4 G TUBE,250,2.0,Sutter Maternity & Surgery Center,2019
43,81000000,BACITRACIN/POLYMYXIN B OINT,250,2.0,Sutter Maternity & Surgery Center,2019
44,81000000,BACLOFEN 10MG TABS,250,15.0,Sutter Maternity & Surgery Center,2019
45,81000092,BALANCED SALT SOLUTION ENHANCED SOLN,250,75.0,Sutter Maternity & Surgery Center,2019
46,81000092,BALANCED SALT SOLUTION ENHANCED SOLN 500 ML BOTTLE,250,75.0,Sutter Maternity & Surgery Center,2019
47,81000092,BALANCED SALT SOLUTION SOLN 15 ML BOTTLE,250,75.0,Sutter Maternity & Surgery Center,2019
48,81000092,BALANCED SALT SOLUTION SOLN 500 ML BOTTLE,250,87.5,Sutter Maternity & Surgery Center,2019
49,81000000,BELLADONNA ALKALOIDS-OPIUM 16.2MG/30MG SUPP,250,100.0,Sutter Maternity & Surgery Center,2019
50,81000000,BELLADONNA/OPIUM 16.2MG/30MG SUPP,250,100.0,Sutter Maternity & Surgery Center,2019
51,81000000,BENZOCAINE 20% SOLN 57 G CAN,250,2.0,Sutter Maternity & Surgery Center,2019
52,81000000,BENZOCAINE/MENTHOL 15MG/3.6MG LOZG,250,2.0,Sutter Maternity & Surgery Center,2019
53,81000000,BENZOCAINE/MENTHOL AERO 56 G CAN,250,2.0,Sutter Maternity & Surgery Center,2019
54,81000008,BETAMETHASONE ACETATE/NA PHOSPHATE 6MG/ML SUSP,250,125.66,Sutter Maternity & Surgery Center,2019
55,81000000,BISACODYL 10MG SUPP,250,2.0,Sutter Maternity & Surgery Center,2019
56,81000000,BISACODYL EC 5MG TBEC,250,2.0,Sutter Maternity & Surgery Center,2019
57,81000008,BOTULINUM TOXIN TYPE A 100 UNITS SOLR,636,2884.8,Sutter Maternity & Surgery Center,2019
58,81000000,BRIMONIDINE 0.1% SOLN 5 ML BOTTLE,250,701.2,Sutter Maternity & Surgery Center,2019
59,80000001,BUPIVACAINE 0.25% SOLN,250,75.0,Sutter Maternity & Surgery Center,2019
60,80000001,BUPIVACAINE 0.5% SOLN 50 ML VIAL,250,75.0,Sutter Maternity & Surgery Center,2019
61,81000008,BUPIVACAINE LIPOSOME 1.3% SUSP,636,1890.0,Sutter Maternity & Surgery Center,2019
62,80000001,BUPIVACAINE PF 0.25% SOLN,250,75.0,Sutter Maternity & Surgery Center,2019
63,80000001,BUPIVACAINE PF 0.25% SOLN 10 ML VIAL,250,75.0,Sutter Maternity & Surgery Center,2019
64,80000001,BUPIVACAINE PF 0.25% SOLN 30 ML VIAL,250,75.0,Sutter Maternity & Surgery Center,2019
65,80000001,BUPIVACAINE PF 0.5% SOLN,636,75.0,Sutter Maternity & Surgery Center,2019
66,80000001,BUPIVACAINE PF 0.5% SOLN 10 ML VIAL,636,75.0,Sutter Maternity & Surgery Center,2019
67,80000001,BUPIVACAINE PF 0.5% SOLN 30 ML VIAL,250,75.0,Sutter Maternity & Surgery Center,2019
68,80000001,BUPIVACAINE PF 0.75% IN DEXTROSE 8.25% 7.5MG/ML SOLN,250,75.0,Sutter Maternity & Surgery Center,2019
69,80000001,BUPIVACAINE PF 0.75% SOLN,250,75.0,Sutter Maternity & Surgery Center,2019
70,80000001,BUPIVACAINE PF 0.75% SOLN 10 ML VIAL,250,75.0,Sutter Maternity & Surgery Center,2019
71,81000000,"BUPIVACAINE/EPINEPHRINE (PF) 0.75%-1:200,000 SOLN",250,75.0,Sutter Maternity & Surgery Center,2019
72,81000000,"BUPIVACAINE/EPINEPHRINE 0.25%-1:200,000 SOLN 50 ML VIAL",250,80.15,Sutter Maternity & Surgery Center,2019
73,81000000,"BUPIVACAINE/EPINEPHRINE 0.5%-1:200,000 SOLN",250,75.0,Sutter Maternity & Surgery Center,2019
74,81000000,"BUPIVACAINE/EPINEPHRINE PF 0.25%-1:200,000 SOLN",250,75.0,Sutter Maternity & Surgery Center,2019
75,81000000,"BUPIVACAINE/EPINEPHRINE PF 0.25%-1:200,000 SOLN 30 ML VIAL",250,75.0,Sutter Maternity & Surgery Center,2019
76,81000000,"BUPIVACAINE/EPINEPHRINE PF 0.5%-1:200,000 SOLN",250,75.0,Sutter Maternity & Surgery Center,2019
77,81000000,"BUPIVACAINE/EPINEPHRINE PF 0.5%-1:200,000 SOLN 10 ML VIAL",250,75.0,Sutter Maternity & Surgery Center,2019
78,81000000,"BUPIVACAINE/EPINEPHRINE PF 0.5%-1:200,000 SOLN 30 ML VIAL",250,75.0,Sutter Maternity & Surgery Center,2019
79,81000000,BUPROPION 100MG TABS,250,15.0,Sutter Maternity & Surgery Center,2019
80,81000000,BUPROPION 12HR-SR 100MG TB12,250,15.0,Sutter Maternity & Surgery Center,2019
81,81000000,BUPROPION 24HR-XL 150MG TB24,250,51.24,Sutter Maternity & Surgery Center,2019
82,81000000,BUPROPION 75MG TABS,250,15.0,Sutter Maternity & Surgery Center,2019
83,81000084,CALCITRIOL 0.25MCG CAPS,250,15.0,Sutter Maternity & Surgery Center,2019
84,81000000,CALCIUM CARBONATE 500MG CHEW,250,2.0,Sutter Maternity & Surgery Center,2019
85,81000000,CALCIUM CARBONATE/VITAMIN D 500MG/200 UNITS TABS,250,2.0,Sutter Maternity & Surgery Center,2019
86,81000008,CALCIUM GLUCONATE 10% SOLN,250,76.86,Sutter Maternity & Surgery Center,2019
87,81000008,CALCIUM GLUCONATE 10% SOLN 10 ML VIAL,250,75.0,Sutter Maternity & Surgery Center,2019
88,81000000,CARBAMAZEPINE 200MG TABS,250,15.0,Sutter Maternity & Surgery Center,2019
89,81000000,CARBOPROST 250MCG/ML SOLN,250,2126.6,Sutter Maternity & Surgery Center,2019
90,81000000,CARVEDILOL 6.25MG TABS,250,15.0,Sutter Maternity & Surgery Center,2019
91,81000008,"CEFAZOLIN 1,000MG SOLR",636,105.0,Sutter Maternity & Surgery Center,2019
92,81000008,"CEFAZOLIN 1,000MG SOLR 1 EACH VIAL",636,105.0,Sutter Maternity & Surgery Center,2019
93,81000008,"CEFAZOLIN 1,000MG/50ML",636,105.0,Sutter Maternity & Surgery Center,2019
94,81000008,"CEFAZOLIN 1,000MG/50ML SOLN",250,75.0,Sutter Maternity & Surgery Center,2019
95,81000008,"CEFAZOLIN 2,000MG/50ML SOLR",250,77.11,Sutter Maternity & Surgery Center,2019
96,81000008,"CEFAZOLIN 3,000MG/100ML SOLN",250,75.0,Sutter Maternity & Surgery Center,2019
97,81000008,"CEFAZOLIN 3,000MG/20ML SOSY",250,75.0,Sutter Maternity & Surgery Center,2019
98,81000008,CEFTAZIDIME 1G SOLR 1 EACH VIAL,636,75.0,Sutter Maternity & Surgery Center,2019
99,81000008,CEFTRIAXONE 1G,250,75.0,Sutter Maternity & Surgery Center,2019
100,81000008,CEFTRIAXONE 2G,250,75.0,Sutter Maternity & Surgery Center,2019
101,81000000,CELECOXIB 100MG CAPS,250,50.81,Sutter Maternity & Surgery Center,2019
102,81000000,CEPHALEXIN 250MG CAPS,250,15.0,Sutter Maternity & Surgery Center,2019
103,81000000,CHLORHEXIDINE 4% LIQD 118 ML BOTTLE,250,2.0,Sutter Maternity & Surgery Center,2019
104,81000008,CHLOROPROCAINE PF 2% SOLN 20 ML VIAL,636,179.06,Sutter Maternity & Surgery Center,2019
105,81000000,"CHOLECALCIFEROL 1,000 UNITS TABS",250,2.0,Sutter Maternity & Surgery Center,2019
106,81000000,CIPROFLOXACIN 0.2% SOLN,250,46.12,Sutter Maternity & Surgery Center,2019
107,81000000,CIPROFLOXACIN 250MG TABS,250,55.0,Sutter Maternity & Surgery Center,2019
108,81000008,CIPROFLOXACIN 2MG/ML,250,75.0,Sutter Maternity & Surgery Center,2019
109,81000000,CIPROFLOXACIN/HYDROCORTISONE 0.2%/1% SUSP 10 ML BOTTLE,250,1200.0,Sutter Maternity & Surgery Center,2019
110,81000000,CISATRACURIUM 10MG/5ML SOLN,250,131.71,Sutter Maternity & Surgery Center,2019
111,81000000,CITALOPRAM 20MG TABS,250,15.0,Sutter Maternity & Surgery Center,2019
112,81000000,CLINDAMYCIN 150MG CAPS,250,15.0,Sutter Maternity & Surgery Center,2019
113,81000000,CLINDAMYCIN 300MG CAPS,250,15.0,Sutter Maternity & Surgery Center,2019
114,81000084,CLINDAMYCIN 600 MG/4ML SOLN,250,75.0,Sutter Maternity & Surgery Center,2019
115,80000001,CLINDAMYCIN 600MG/50ML SOLN,250,103.95,Sutter Maternity & Surgery Center,2019
116,81000084,CLINDAMYCIN 900MG/50ML SOLN,250,126.7,Sutter Maternity & Surgery Center,2019
117,81000000,CLONAZEPAM 1MG TABS,250,40.0,Sutter Maternity & Surgery Center,2019
118,81000000,CLONIDINE 0.1MG TABS,250,15.0,Sutter Maternity & Surgery Center,2019
119,81000000,CLOPIDOGREL 75MG TABS,250,38.29,Sutter Maternity & Surgery Center,2019
120,81000000,COCAINE 4% SOLN 4 ML BOTTLE,250,669.36,Sutter Maternity & Surgery Center,2019
121,81000008,COPPER IUD,250,3880.8,Sutter Maternity & Surgery Center,2019
122,82000002,D5W - LR SOLN,258,75.0,Sutter Maternity & Surgery Center,2019
123,81000008,"D5W - NACL 0.45% 1,000ML WITH KCL 20MEQ (PREMIX) SOLN",250,75.0,Sutter Maternity & Surgery Center,2019
124,82000000,D5W - NACL 0.45% SOLN,258,75.0,Sutter Maternity & Surgery Center,2019
125,81000008,"D5W - NACL 0.9% 1,000ML WITH KCL 20MEQ (PREMIX) SOLN",250,75.0,Sutter Maternity & Surgery Center,2019
126,82000000,D5W - NACL 0.9% SOLN,258,75.0,Sutter Maternity & Surgery Center,2019
127,81000008,DESMOPRESSIN 4MCG/ML SOLN 10 ML VIAL,250,1404.4,Sutter Maternity & Surgery Center,2019
128,80000003,DEXAMETHASONE 0.5MG TABS,250,15.0,Sutter Maternity & Surgery Center,2019
129,81000008,DEXAMETHASONE 4MG/ML SOLN,636,75.0,Sutter Maternity & Surgery Center,2019
130,81000008,DEXAMETHASONE PF 10MG/ML SOLN,636,75.0,Sutter Maternity & Surgery Center,2019
131,81000008,DEXAMETHASONE SODIUM PHOSPHATE 4MG/ML SOLN,250,75.0,Sutter Maternity & Surgery Center,2019
132,81000000,DEXMEDETOMIDINE 200MCG/2ML SOLN,250,655.2,Sutter Maternity & Surgery Center,2019
133,81000092,DEXTROSE 50%,250,75.0,Sutter Maternity & Surgery Center,2019
134,81000000,DIAZEPAM 2MG TABS,250,40.0,Sutter Maternity & Surgery Center,2019
135,81000000,DIAZEPAM 5MG TABS,250,40.0,Sutter Maternity & Surgery Center,2019
136,81000008,DIAZEPAM 5MG/ML SOLN,636,90.0,Sutter Maternity & Surgery Center,2019
137,81000000,DILTIAZEM 24HR-ER COATED BEADS 120MG CP24,250,15.0,Sutter Maternity & Surgery Center,2019
138,81000000,DILTIAZEM 24HR-ER COATED BEADS 180MG CP24,250,15.0,Sutter Maternity & Surgery Center,2019
139,81000000,DINOPROSTONE 10MG INST,250,1478.13,Sutter Maternity & Surgery Center,2019
140,80000003,DIPHENHYDRAMINE 25MG CAPS,636,2.0,Sutter Maternity & Surgery Center,2019
141,81000008,DIPHENHYDRAMINE 50MG/ML SOLN,250,75.0,Sutter Maternity & Surgery Center,2019
142,81000000,DIPHENOXYLATE/ATROPINE 2.5MG/0.025MG TABS,250,40.0,Sutter Maternity & Surgery Center,2019
143,81000000,DOCUSATE SODIUM 100MG CAPS,250,2.0,Sutter Maternity & Surgery Center,2019
144,81000000,DOCUSATE SODIUM 250MG CAPS,250,2.0,Sutter Maternity & Surgery Center,2019
145,81000000,DORZOLAMIDE-TIMOLOL 2%/0.5% SOLN 10 ML BOTTLE,250,337.45,Sutter Maternity & Surgery Center,2019
146,81000000,DOXEPIN 10MG CAPS,250,15.0,Sutter Maternity & Surgery Center,2019
147,81000000,DOXYCYCLINE 100MG,250,157.0,Sutter Maternity & Surgery Center,2019
148,81000000,DOXYCYCLINE 100MG CAPS,250,21.99,Sutter Maternity & Surgery Center,2019
149,81000000,DOXYCYCLINE 100MG SOLR,250,376.9,Sutter Maternity & Surgery Center,2019
150,81000000,DULOXETINE 30MG CPEP,250,55.0,Sutter Maternity & Surgery Center,2019
151,81000008,ENOXAPARIN 100MG/ML SOLN,250,84.34,Sutter Maternity & Surgery Center,2019
152,81000008,ENOXAPARIN 30MG/0.3ML SOLN,250,75.0,Sutter Maternity & Surgery Center,2019
153,81000008,ENOXAPARIN 40MG/0.4ML SOLN,250,75.0,Sutter Maternity & Surgery Center,2019
154,81000000,EPHEDRINE 50MG/ML SOLN,250,75.0,Sutter Maternity & Surgery Center,2019
155,81000000,EPHEDRINE 5MG/ML,250,81.16,Sutter Maternity & Surgery Center,2019
156,81000008,EPINEPHRINE 1MG/ML SOLN,636,75.0,Sutter Maternity & Surgery Center,2019
157,81000008,EPINEPHRINE 1MG/ML SOLN 1 ML AMPULE,636,75.0,Sutter Maternity & Surgery Center,2019
158,81000008,EPINEPHRINE 1MG/ML SOLN 30 ML VIAL,250,82.6,Sutter Maternity & Surgery Center,2019
159,81000008,EPINEPHRINE PF 1MG/10ML SOSY,250,75.0,Sutter Maternity & Surgery Center,2019
160,81000008,EPINEPHRINE PF 1MG/10ML SOSY 10 ML SYRINGE,250,75.0,Sutter Maternity & Surgery Center,2019
161,81000000,ERYTHROMYCIN 0.5% OINT,250,34.14,Sutter Maternity & Surgery Center,2019
162,81000000,ERYTHROMYCIN 0.5% OINT 1 G TUBE,250,30.0,Sutter Maternity & Surgery Center,2019
163,81000000,ESCITALOPRAM 10MG TABS,250,24.1,Sutter Maternity & Surgery Center,2019
164,81000000,ESMOLOL 100MG/10ML SOLN,250,75.0,Sutter Maternity & Surgery Center,2019
165,81000000,ESTRADIOL 1MG TABS,250,15.0,Sutter Maternity & Surgery Center,2019
166,80000001,FAMOTIDINE 10MG/ML SOLN,250,75.0,Sutter Maternity & Surgery Center,2019
167,81000000,FAMOTIDINE 20MG TABS,250,2.0,Sutter Maternity & Surgery Center,2019
168,80000001,FAMOTIDINE 20MG/2ML SOLN,250,75.0,Sutter Maternity & Surgery Center,2019
169,81000008,"FENTANYL PF (SUBLIMAZE) 2MCG/ML, BUPIVACAINE PF (SENSORCAINE MPF) 0.1%",250,121.94,Sutter Maternity & Surgery Center,2019
170,81000008,"FENTANYL PF (SUBLIMAZE) 5MCG/ML, BUPIVACAINE PF (SENSORCAINE MPF) 0.0625%",250,130.0,Sutter Maternity & Surgery Center,2019
171,81000008,FENTANYL PF 100MCG/2ML SOLN,250,90.0,Sutter Maternity & Surgery Center,2019
172,81000008,FENTANYL PF 250MCG/5ML SOLN,636,90.0,Sutter Maternity & Surgery Center,2019
173,81000008,FENTANYL PF 50MCG/ML SOLN,636,90.0,Sutter Maternity & Surgery Center,2019
174,81000000,FERRIC SUBSULFATE 259MG/G SOLN,250,2.0,Sutter Maternity & Surgery Center,2019
175,81000000,FERROUS SULFATE EC 324MG TBEC,250,2.0,Sutter Maternity & Surgery Center,2019
176,81000000,FLUCONAZOLE 150MG TABS,250,100.0,Sutter Maternity & Surgery Center,2019
177,81000008,FLUCONAZOLE 200MG/100ML SOLN,250,75.0,Sutter Maternity & Surgery Center,2019
178,81000000,FLUMAZENIL 0.1 MG/ML SOLN,250,113.75,Sutter Maternity & Surgery Center,2019
179,81000000,FLUOXETINE 10MG CAPS,250,15.0,Sutter Maternity & Surgery Center,2019
180,81000000,FOLIC ACID 1MG TABS,250,2.0,Sutter Maternity & Surgery Center,2019
181,81000008,FUROSEMIDE 10MG/ML SOLN,250,75.0,Sutter Maternity & Surgery Center,2019
182,81000000,FUROSEMIDE 20MG TABS,250,15.0,Sutter Maternity & Surgery Center,2019
183,81000000,GABAPENTIN 100MG CAPS,250,15.0,Sutter Maternity & Surgery Center,2019
184,81000000,GABAPENTIN 300MG CAPS,250,15.0,Sutter Maternity & Surgery Center,2019
185,81000000,GELATIN ABSORBABLE 100CM MISC,250,149.96,Sutter Maternity & Surgery Center,2019
186,81000000,GELATIN ABSORBABLE 100CM MISC 6 EACH BOX,250,149.66,Sutter Maternity & Surgery Center,2019
187,81000000,GELATIN ABSORBABLE 12 - 7MM MISC,250,55.0,Sutter Maternity & Surgery Center,2019
188,81000008,GENTAMICIN 1.2MG/ML SOLN,636,75.0,Sutter Maternity & Surgery Center,2019
189,81000008,GENTAMICIN 100MG/50ML SOLN,250,75.0,Sutter Maternity & Surgery Center,2019
190,81000000,GENTAMICIN 2MG/ML,250,75.0,Sutter Maternity & Surgery Center,2019
191,81000008,GENTAMICIN 40MG/ML SOLN,250,75.0,Sutter Maternity & Surgery Center,2019
192,81000008,GENTAMICIN 40MG/ML SOLN 2 ML VIAL,250,75.0,Sutter Maternity & Surgery Center,2019
193,81000008,GENTAMICIN 80MG/100ML SOLN,250,75.0,Sutter Maternity & Surgery Center,2019
194,81000000,GLIMEPIRIDE 4MG TABS,250,15.0,Sutter Maternity & Surgery Center,2019
195,81000000,GLIPIZIDE 5MG TABS,250,15.0,Sutter Maternity & Surgery Center,2019
196,81000008,GLUCAGON 1MG SOLR,636,1628.75,Sutter Maternity & Surgery Center,2019
197,81000000,GLYBURIDE 2.5MG TABS,250,15.0,Sutter Maternity & Surgery Center,2019
198,81000000,GLYCERIN (ADULT) 2G SUPP,250,2.0,Sutter Maternity & Surgery Center,2019
199,81000000,GLYCERIN 1.2G SUPP,250,2.0,Sutter Maternity & Surgery Center,2019
200,80000037,GLYCOPYRROLATE 0.2MG/ML SOLN,250,113.75,Sutter Maternity & Surgery Center,2019
201,81000000,GLYCOPYRROLATE 0.4MG/2ML SOLN,250,100.62,Sutter Maternity & Surgery Center,2019
202,81000000,GUAIFENESIN 100MG/5ML SOLN,250,2.0,Sutter Maternity & Surgery Center,2019
203,81000000,HALOPERIDOL 0.5MG TABS,250,15.0,Sutter Maternity & Surgery Center,2019
204,81000008,"HEPARIN 1,000 UNITS/ML SOLN",250,75.0,Sutter Maternity & Surgery Center,2019
205,81000008,"HEPARIN 1,000 UNITS/ML SOLN 10 ML VIAL",250,75.0,Sutter Maternity & Surgery Center,2019
206,81000008,"HEPARIN 5,000 UNITS/ML SOLN",250,75.0,Sutter Maternity & Surgery Center,2019
207,81000007,HEPATITIS B RECOMBINANT 10MCG/0.5ML SUSP,250,198.2,Sutter Maternity & Surgery Center,2019
208,81000008,HYDRALAZINE 20MG/ML SOLN,250,75.0,Sutter Maternity & Surgery Center,2019
209,81000000,HYDRALAZINE 25MG TABS,250,15.0,Sutter Maternity & Surgery Center,2019
210,81000000,HYDROCHLOROTHIAZIDE 12.5MG CAPS,250,15.0,Sutter Maternity & Surgery Center,2019
211,81000000,HYDROCODONE/ACETAMINOPHEN 10MG/325MG TABS,250,40.0,Sutter Maternity & Surgery Center,2019
212,81000000,HYDROCODONE/ACETAMINOPHEN 5MG/325MG TABS,250,40.0,Sutter Maternity & Surgery Center,2019
213,81000000,HYDROCODONE/ACETAMINOPHEN 7.5-325MG/15ML SOLN,250,40.0,Sutter Maternity & Surgery Center,2019
214,81000000,HYDROCODONE/ACETAMINOPHEN 7.5MG/325MG TABS,250,40.0,Sutter Maternity & Surgery Center,2019
215,81000000,HYDROCORTISONE 1% CREA 28 G TUBE,250,2.0,Sutter Maternity & Surgery Center,2019
216,81000000,HYDROCORTISONE 1% CREA 28.35 G TUBE,250,2.0,Sutter Maternity & Surgery Center,2019
217,81000000,HYDROCORTISONE 2.5% CREA 28.35 G TUBE,250,2.0,Sutter Maternity & Surgery Center,2019
218,81000000,HYDROCORTISONE 2.5% CREA 30 G TUBE,250,2.0,Sutter Maternity & Surgery Center,2019
219,81000000,HYDROCORTISONE 25MG SUPP,250,57.7,Sutter Maternity & Surgery Center,2019
220,81000008,HYDROCORTISONE SODIUM SUCCINATE PF 100MG SOLR,250,75.0,Sutter Maternity & Surgery Center,2019
221,81000008,HYDROMORPHONE,636,90.0,Sutter Maternity & Surgery Center,2019
222,81000008,HYDROMORPHONE 10MG/50ML SOSY,250,90.0,Sutter Maternity & Surgery Center,2019
223,81000008,HYDROMORPHONE 1MG/ML SOLN,636,90.0,Sutter Maternity & Surgery Center,2019
224,81000000,HYDROMORPHONE 2MG TABS,250,40.0,Sutter Maternity & Surgery Center,2019
225,81000008,HYDROMORPHONE 2MG/ML SOLN,250,90.0,Sutter Maternity & Surgery Center,2019
226,81000000,HYDROXYCHLOROQUINE 200MG TABS,250,24.14,Sutter Maternity & Surgery Center,2019
227,81000000,HYDROXYZINE HCL 10MG TABS,250,15.0,Sutter Maternity & Surgery Center,2019
228,81000008,HYDROXYZINE HCL 50MG/ML SOLN,250,186.9,Sutter Maternity & Surgery Center,2019
229,80000003,HYDROXYZINE PAMOATE 25MG CAPS,250,15.0,Sutter Maternity & Surgery Center,2019
230,81000000,INDIGOTINDISULFONATE 8MG/ML SOLN,250,75.0,Sutter Maternity & Surgery Center,2019
231,81000000,INDOCYANINE GREEN 25MG SOLR,250,138.54,Sutter Maternity & Surgery Center,2019
232,81000007,INFLUENZA VIRUS PF 0.5ML SUSY,636,149.9,Sutter Maternity & Surgery Center,2019
233,81000007,INFLUENZA VIRUS PF HIGH DOSE 0.5ML SUSY,636,365.18,Sutter Maternity & Surgery Center,2019
234,81000009,INSULIN GLARGINE 100 UNITS/ML SOLN 10 ML VIAL,250,10.0,Sutter Maternity & Surgery Center,2019
235,81000009,INSULIN LISPRO HUMAN 100 UNITS/ML SOLN 10 ML VIAL,250,10.0,Sutter Maternity & Surgery Center,2019
236,81000009,INSULIN NPH HUMAN 100 UNITS/ML SUSP 10 ML VIAL,250,495.72,Sutter Maternity & Surgery Center,2019
237,81000009,INSULIN REGULAR HUMAN 100 UNITS/ML SOLN 10 ML VIAL,250,49.57,Sutter Maternity & Surgery Center,2019
238,81000000,IODINE/POTASSIUM IODIDE 5% SOLN,250,2.0,Sutter Maternity & Surgery Center,2019
239,81000094,IOHEXOL IODINATED 300MG/ML SOLN,636,157.42,Sutter Maternity & Surgery Center,2019
240,81000000,ISOSORBIDE MONONITRATE 24HR-CR 30MG TB24,250,15.0,Sutter Maternity & Surgery Center,2019
241,81000000,ISOSULFAN BLUE 1% 10MG/ML SOLN,250,4245.26,Sutter Maternity & Surgery Center,2019
242,80000037,KETAMINE 50MG/ML SOLN 10 ML VIAL,250,90.0,Sutter Maternity & Surgery Center,2019
243,81000008,KETOROLAC,636,138.6,Sutter Maternity & Surgery Center,2019
244,81000008,KETOROLAC 30MG/ML SOLN,250,75.0,Sutter Maternity & Surgery Center,2019
245,81000008,KETOROLAC 30MG/ML SOLN 1 ML VIAL,636,75.0,Sutter Maternity & Surgery Center,2019
246,81000000,LABETALOL 100MG TABS,250,15.0,Sutter Maternity & Surgery Center,2019
247,80000008,LABETALOL 5MG/ML,250,75.0,Sutter Maternity & Surgery Center,2019
248,82000000,LACTATED RINGERS (FOR BOLUS ONLY),258,75.0,Sutter Maternity & Surgery Center,2019
249,81000092,LACTATED RINGERS FOR IRRIGATION SOLN,250,75.0,Sutter Maternity & Surgery Center,2019
250,81000092,"LACTATED RINGERS FOR IRRIGATION SOLN 3,000 ML FLEX CONT",250,75.0,Sutter Maternity & Surgery Center,2019
251,82000000,LACTATED RINGERS SOLN,258,75.0,Sutter Maternity & Surgery Center,2019
252,82000000,"LACTATED RINGERS SOLN 1,000 ML FLEX CONT",636,75.0,Sutter Maternity & Surgery Center,2019
253,81000000,LACTULOSE 10G/15ML SOLN,250,15.0,Sutter Maternity & Surgery Center,2019
254,81000000,LAMOTRIGINE 100MG TABS,250,15.0,Sutter Maternity & Surgery Center,2019
255,81000084,LEVALBUTEROL 0.63MG/3ML NEBU,250,15.0,Sutter Maternity & Surgery Center,2019
256,81000000,LEVOFLOXACIN 500MG TABS,250,75.61,Sutter Maternity & Surgery Center,2019
257,81000008,LEVOFLOXACIN 500MG/100ML SOLN,636,176.4,Sutter Maternity & Surgery Center,2019
258,81000008,LEVOFLOXACIN 5MG/ML,250,75.0,Sutter Maternity & Surgery Center,2019
259,81000008,LEVONORGESTREL 19.5MG IUD,636,31904.73,Sutter Maternity & Surgery Center,2019
260,81000008,LEVONORGESTREL 20MCG/24HR IUD,250,4363.04,Sutter Maternity & Surgery Center,2019
261,81000000,LEVOTHYROXINE 100MCG TABS,250,15.0,Sutter Maternity & Surgery Center,2019
262,81000000,LEVOTHYROXINE 112MCG TABS,250,15.0,Sutter Maternity & Surgery Center,2019
263,81000000,LEVOTHYROXINE 137MCG TABS,250,15.0,Sutter Maternity & Surgery Center,2019
264,81000000,LEVOTHYROXINE 25MCG TABS,250,15.0,Sutter Maternity & Surgery Center,2019
265,81000000,LEVOTHYROXINE 50MCG TABS,250,15.0,Sutter Maternity & Surgery Center,2019
266,81000000,LEVOTHYROXINE 88MCG TABS,250,15.0,Sutter Maternity & Surgery Center,2019
267,81000008,LIDOCAINE 0.5% SOLN 50 ML VIAL,636,75.0,Sutter Maternity & Surgery Center,2019
268,81000008,LIDOCAINE 1% SOLN,636,75.0,Sutter Maternity & Surgery Center,2019
269,81000008,LIDOCAINE 1% SOLN 10 ML VIAL,636,75.0,Sutter Maternity & Surgery Center,2019
270,81000008,LIDOCAINE 1% SOLN 20 ML VIAL,636,75.0,Sutter Maternity & Surgery Center,2019
271,81000008,LIDOCAINE 1% SOLN 50 ML VIAL,636,75.0,Sutter Maternity & Surgery Center,2019
272,81000008,LIDOCAINE 2% 30 ML TUBE,250,2.0,Sutter Maternity & Surgery Center,2019
273,81000008,LIDOCAINE 2% 5 ML TUBE,636,2.0,Sutter Maternity & Surgery Center,2019
274,81000008,LIDOCAINE 2% SOLN,636,75.0,Sutter Maternity & Surgery Center,2019
275,81000008,LIDOCAINE 2% SOLN 20 ML VIAL,636,75.0,Sutter Maternity & Surgery Center,2019
276,81000008,LIDOCAINE 2% SOLN 50 ML VIAL,250,75.0,Sutter Maternity & Surgery Center,2019
277,81000000,LIDOCAINE 4% CREA 5 G TUBE,250,2.0,Sutter Maternity & Surgery Center,2019
278,81000008,LIDOCAINE PF 0.5% SOLN 50 ML VIAL,636,105.7,Sutter Maternity & Surgery Center,2019
279,81000008,LIDOCAINE PF 1% SOLN,636,75.0,Sutter Maternity & Surgery Center,2019
280,81000008,LIDOCAINE PF 1% SOLN 10 ML AMPULE,636,75.0,Sutter Maternity & Surgery Center,2019
281,81000008,LIDOCAINE PF 1% SOLN 2 ML VIAL,636,75.0,Sutter Maternity & Surgery Center,2019
282,81000008,LIDOCAINE PF 1% SOLN 30 ML VIAL,636,75.0,Sutter Maternity & Surgery Center,2019
283,81000008,LIDOCAINE PF 1% SOLN 5 ML VIAL,250,75.0,Sutter Maternity & Surgery Center,2019
284,81000008,LIDOCAINE PF 2% SOLN,636,75.0,Sutter Maternity & Surgery Center,2019
285,81000008,LIDOCAINE PF 4% SOLN,636,75.0,Sutter Maternity & Surgery Center,2019
286,81000008,LIDOCAINE PF 4% SOLN 5 ML AMPULE,636,75.0,Sutter Maternity & Surgery Center,2019
287,81000000,LIDOCAINE TOPICAL GEL 2% GEL 5 ML TUBE,250,2.0,Sutter Maternity & Surgery Center,2019
288,81000000,"LIDOCAINE/EPINEPHRINE 0.5%-1:200,000 SOLN 50 ML VIAL",250,75.0,Sutter Maternity & Surgery Center,2019
289,81000000,"LIDOCAINE/EPINEPHRINE 1%-1:100,000 SOLN 20 ML VIAL",250,75.0,Sutter Maternity & Surgery Center,2019
290,81000000,"LIDOCAINE/EPINEPHRINE 1%-1:100,000 SOLN 50 ML VIAL",250,75.0,Sutter Maternity & Surgery Center,2019
291,81000000,"LIDOCAINE/EPINEPHRINE 1.5%-1:200,000 SOLN 5 ML AMPULE",250,81.62,Sutter Maternity & Surgery Center,2019
292,81000000,"LIDOCAINE/EPINEPHRINE 2%-1:100,000 SOLN 30 ML VIAL",250,75.0,Sutter Maternity & Surgery Center,2019
293,81000000,"LIDOCAINE/EPINEPHRINE PF 1%-1:200,000 SOLN",250,75.0,Sutter Maternity & Surgery Center,2019
294,81000000,"LIDOCAINE/EPINEPHRINE PF 1%-1:200,000 SOLN 30 ML VIAL",250,75.0,Sutter Maternity & Surgery Center,2019
295,81000000,LIDOCAINE/EPINEPHRINE PF 1.5%/1:200000,250,75.0,Sutter Maternity & Surgery Center,2019
296,81000000,LIDOCAINE/EPINEPHRINE PF 2%/1:200000,250,103.18,Sutter Maternity & Surgery Center,2019
297,81000000,LIDOCAINE-PHENYLEPHRINE PF 1%-1.5% SOLN,250,75.0,Sutter Maternity & Surgery Center,2019
298,81000000,LISINOPRIL 10MG TABS,250,15.0,Sutter Maternity & Surgery Center,2019
299,81000000,LISINOPRIL 2.5MG TABS,250,15.0,Sutter Maternity & Surgery Center,2019
300,81000000,LOPERAMIDE 2MG CAPS,250,2.0,Sutter Maternity & Surgery Center,2019
301,81000000,LORATADINE 10MG TABS,250,2.0,Sutter Maternity & Surgery Center,2019
302,81000000,LORAZEPAM 1MG TABS,250,40.0,Sutter Maternity & Surgery Center,2019
303,81000008,LORAZEPAM 2MG/ML SOLN,250,90.0,Sutter Maternity & Surgery Center,2019
304,81000000,LOSARTAN 50MG TABS,250,15.0,Sutter Maternity & Surgery Center,2019
305,81000000,MAGNESIUM HYDROXIDE 400MG/5ML SUSP,250,2.0,Sutter Maternity & Surgery Center,2019
306,81000008,MAGNESIUM SULFATE 0.5G/ML SOLN,250,75.0,Sutter Maternity & Surgery Center,2019
307,81000008,MAGNESIUM SULFATE 0.5G/ML SOLN 2 ML VIAL,250,75.0,Sutter Maternity & Surgery Center,2019
308,81000008,MAGNESIUM SULFATE 2G/50ML SOLN,250,134.75,Sutter Maternity & Surgery Center,2019
309,81000008,MAGNESIUM SULFATE 40MG/ML,250,147.0,Sutter Maternity & Surgery Center,2019
310,81000008,MAGNESIUM SULFATE 4G/100ML,250,75.0,Sutter Maternity & Surgery Center,2019
311,81000008,MEASLES/MUMPS/RUBELLA INJ,250,582.38,Sutter Maternity & Surgery Center,2019
312,81000000,MEDROXYPROGESTERONE 2.5MG TABS,250,15.0,Sutter Maternity & Surgery Center,2019
313,81000008,MEPERIDINE,636,121.88,Sutter Maternity & Surgery Center,2019
314,81000008,MEPERIDINE 100MG/2ML SOLN,636,90.0,Sutter Maternity & Surgery Center,2019
315,81000008,MEPERIDINE 50MG/ML SOLN,250,90.0,Sutter Maternity & Surgery Center,2019
316,81000008,MEPERIDINE 50MG/ML SOLN 1 ML VIAL,250,90.0,Sutter Maternity & Surgery Center,2019
317,81000000,METAXALONE 800MG TABS,250,32.4,Sutter Maternity & Surgery Center,2019
318,81000000,METFORMIN 24HR-XR 500MG TB24,250,15.0,Sutter Maternity & Surgery Center,2019
319,81000000,METFORMIN 500MG TABS,250,15.0,Sutter Maternity & Surgery Center,2019
320,81000084,METHADONE 10MG TABS,250,40.0,Sutter Maternity & Surgery Center,2019
321,80000037,METHOHEXITAL 500MG SOLR,636,130.0,Sutter Maternity & Surgery Center,2019
322,81000000,METHYLENE BLUE 1% SOLN,250,75.0,Sutter Maternity & Surgery Center,2019
323,81000000,METHYLENE BLUE 1% SOLN 10 ML VIAL,250,75.0,Sutter Maternity & Surgery Center,2019
324,81000000,METHYLERGONOVINE 0.2MG TABS,250,223.97,Sutter Maternity & Surgery Center,2019
325,81000008,METHYLERGONOVINE 0.2MG/ML SOLN,250,210.0,Sutter Maternity & Surgery Center,2019
326,81000008,METHYLPREDNISOLONE ACETATE 40MG/ML SUSP,250,75.0,Sutter Maternity & Surgery Center,2019
327,81000008,METHYLPREDNISOLONE ACETATE 80MG/ML SUSP,636,154.07,Sutter Maternity & Surgery Center,2019
328,81000008,METHYLPREDNISOLONE SOD SUCC 125MG SOLR,250,75.0,Sutter Maternity & Surgery Center,2019
329,81000008,METHYLPREDNISOLONE SOD SUCC 40MG SOLR,250,126.34,Sutter Maternity & Surgery Center,2019
330,81000000,METOCLOPRAMIDE 10MG TABS,250,15.0,Sutter Maternity & Surgery Center,2019
331,81000008,METOCLOPRAMIDE 5MG/ML SOLN,250,75.0,Sutter Maternity & Surgery Center,2019
332,81000000,METOPROLOL 5MG/5ML SOLN,250,75.0,Sutter Maternity & Surgery Center,2019
333,81000000,METOPROLOL SUCCINATE ER 100MG TB24,250,15.0,Sutter Maternity & Surgery Center,2019
334,81000000,METOPROLOL SUCCINATE ER 25MG TB24,250,15.0,Sutter Maternity & Surgery Center,2019
335,81000000,METOPROLOL TARTRATE 25MG TABS,250,15.0,Sutter Maternity & Surgery Center,2019
336,80000001,METRONIDAZOLE 500MG/100ML SOLN,250,75.0,Sutter Maternity & Surgery Center,2019
337,81000008,MIDAZOLAM 1 MG/ML SOLN,636,90.0,Sutter Maternity & Surgery Center,2019
338,81000008,MIDAZOLAM 2MG/2ML SOLN,636,90.0,Sutter Maternity & Surgery Center,2019
339,81000000,MIDAZOLAM 2MG/ML SYRP,250,65.0,Sutter Maternity & Surgery Center,2019
340,81000008,MIDAZOLAM 5MG/5ML SOLN,636,90.0,Sutter Maternity & Surgery Center,2019
341,81000000,MIDAZOLAM 5MG/ML,250,90.0,Sutter Maternity & Surgery Center,2019
342,81000000,MINERAL OIL LIGHT OIL,250,2.0,Sutter Maternity & Surgery Center,2019
343,81000000,MINERAL OIL OIL 10 ML VIAL,250,2.0,Sutter Maternity & Surgery Center,2019
344,81000000,MIRTAZAPINE ODT 15MG TBDP,250,25.9,Sutter Maternity & Surgery Center,2019
345,80000001,MISOPROSTOL 100MCG TABS,250,15.0,Sutter Maternity & Surgery Center,2019
346,80000001,MISOPROSTOL 200MCG TABS,250,52.8,Sutter Maternity & Surgery Center,2019
347,80000001,MISOPROSTOL 25MCG TABS,250,15.0,Sutter Maternity & Surgery Center,2019
348,80000001,MISOPROSTOL 50MCG TABS,250,15.0,Sutter Maternity & Surgery Center,2019
349,81000008,MITOMYCIN 0.2MG KIT,636,1600.0,Sutter Maternity & Surgery Center,2019
350,81000000,MONTELUKAST 10MG TABS,250,27.4,Sutter Maternity & Surgery Center,2019
351,81000008,MORPHINE,636,90.0,Sutter Maternity & Surgery Center,2019
352,81000008,MORPHINE 10MG/ML SOLN,250,90.0,Sutter Maternity & Surgery Center,2019
353,81000008,MORPHINE 50MG/50ML SOSY,250,90.0,Sutter Maternity & Surgery Center,2019
354,81000008,MORPHINE PF 0.5MG/ML SOLN 10 ML VIAL,250,90.0,Sutter Maternity & Surgery Center,2019
355,81000008,MORPHINE PF 10MG/ML SOLN,636,90.0,Sutter Maternity & Surgery Center,2019
356,81000008,MORPHINE PF 1MG/ML SOLN,250,90.0,Sutter Maternity & Surgery Center,2019
357,81000008,MORPHINE PF 1MG/ML SOLN 2 ML AMPULE,250,90.0,Sutter Maternity & Surgery Center,2019
358,81000008,MORPHINE PF 2MG/ML SOLN,250,90.0,Sutter Maternity & Surgery Center,2019
359,81000008,MORPHINE PF 2MG/ML SOLN 1 ML CARTRIDGE,636,90.0,Sutter Maternity & Surgery Center,2019
360,81000008,MORPHINE PF 4MG/ML SOLN,250,90.0,Sutter Maternity & Surgery Center,2019
361,81000008,MORPHINE PF 4MG/ML SOLN 1 ML VIAL,636,90.0,Sutter Maternity & Surgery Center,2019
362,81000000,MOXIFLOXACIN 0.5% SOLN 3 ML BOTTLE,250,835.76,Sutter Maternity & Surgery Center,2019
363,81000000,MOXIFLOXACIN 1MG/ML SOLN,250,75.0,Sutter Maternity & Surgery Center,2019
364,80000001,MULTIVITAMINS+MINERALS,250,2.0,Sutter Maternity & Surgery Center,2019
365,81000000,MUPIROCIN 2% OINT 22 G TUBE,250,213.73,Sutter Maternity & Surgery Center,2019
366,82000001,NACL 0.45% 0.45% SOLN,258,75.0,Sutter Maternity & Surgery Center,2019
367,82000000,NACL 0.9% (FOR BOLUS ONLY),636,75.0,Sutter Maternity & Surgery Center,2019
368,82000000,NACL 0.9% 0.9% SOLN,258,75.0,Sutter Maternity & Surgery Center,2019
369,82000000,"NACL 0.9% 0.9% SOLN 1,000 ML FLEX CONT",258,75.0,Sutter Maternity & Surgery Center,2019
370,82000000,NACL 0.9% 0.9% SOLN 500 ML FLEX CONT,636,75.0,Sutter Maternity & Surgery Center,2019
371,81000008,"NACL 0.9% 1,000ML WITH KCL 20MEQ (PREMIX) SOLN",250,75.0,Sutter Maternity & Surgery Center,2019
372,81000092,NACL 0.9% FOR IRRIGATION SOLN 500 ML PLAS CONT,250,75.0,Sutter Maternity & Surgery Center,2019
373,82000001,NACL 0.9% PEDIATRIC/NEONATAL (FOR BOLUS ONLY),258,75.0,Sutter Maternity & Surgery Center,2019
374,81000008,NACL 0.9% WITH HEPARIN 1 UNIT/ML SOLN,250,75.0,Sutter Maternity & Surgery Center,2019
375,81000008,NALBUPHINE 10MG/ML SOLN,250,75.0,Sutter Maternity & Surgery Center,2019
376,81000008,NALOXONE 0.4MG/ML SOLN,250,132.97,Sutter Maternity & Surgery Center,2019
377,81000000,NAPROXEN 250MG TABS,250,2.0,Sutter Maternity & Surgery Center,2019
378,81000000,NEOMYCIN/POLYMYXIN B SOLN,250,476.16,Sutter Maternity & Surgery Center,2019
379,81000000,NEOMYCIN/POLYMYXIN B SOLN 1 ML AMPULE,250,476.16,Sutter Maternity & Surgery Center,2019
380,81000000,NEOMYCIN/POLYMYXIN/DEXAMETHASONE 3.5-10000-0.1 OINT 3.5 G TUBE,250,99.3,Sutter Maternity & Surgery Center,2019
381,81000000,NEOSPORIN 400-5-5000 OINT,250,2.0,Sutter Maternity & Surgery Center,2019
382,81000000,NEOSPORIN 400-5-5000 OINT 28.4 G TUBE,250,2.0,Sutter Maternity & Surgery Center,2019
383,81000008,NEOSTIGMINE 1MG/ML SOLN,636,75.0,Sutter Maternity & Surgery Center,2019
384,81000008,NEOSTIGMINE 1MG/ML SOLN 10 ML VIAL,636,75.0,Sutter Maternity & Surgery Center,2019
385,81000008,NEOSTIGMINE 1MG/ML SOSY,636,237.0,Sutter Maternity & Surgery Center,2019
386,81000008,NEOSTIGMINE 2MG/2ML SOSY,636,75.0,Sutter Maternity & Surgery Center,2019
387,81000008,NEOSTIGMINE 2MG/2ML SOSY 2 ML SYRINGE,636,75.0,Sutter Maternity & Surgery Center,2019
388,81000008,NEOSTIGMINE 5MG/10ML SOLN,250,75.0,Sutter Maternity & Surgery Center,2019
389,81000000,NICOTINE 14MG/24HR PT24,250,2.0,Sutter Maternity & Surgery Center,2019
390,81000000,NICOTINE 21MG/24HR PT24,250,2.0,Sutter Maternity & Surgery Center,2019
391,81000000,NICOTINE 7MG/24HR PT24,250,2.0,Sutter Maternity & Surgery Center,2019
392,81000000,NIFEDIPINE 10MG CAPS,250,15.0,Sutter Maternity & Surgery Center,2019
393,81000000,NIFEDIPINE 24HR-XL 30MG TB24,250,15.0,Sutter Maternity & Surgery Center,2019
394,81000000,NITROFURANTOIN 100MG CAPS,250,20.71,Sutter Maternity & Surgery Center,2019
395,81000000,NITROGLYCERIN 2% OINT,250,15.0,Sutter Maternity & Surgery Center,2019
396,81000000,NITROGLYCERIN 50MCG/ML SOLN 12 ML SYRINGE,250,75.0,Sutter Maternity & Surgery Center,2019
397,81000000,NITROGLYCERIN 50MG IN D5W 250ML 200MCG/ML SOLN,250,162.75,Sutter Maternity & Surgery Center,2019
398,81000000,"NYSTATIN 100,000 UNITS/G POWD 15 G BOTTLE",250,109.72,Sutter Maternity & Surgery Center,2019
399,81000000,"NYSTATIN 100,000 UNITS/ML SUSP",250,15.0,Sutter Maternity & Surgery Center,2019
400,81000000,OFLOXACIN 0.3% SOLN 10 ML BOTTLE,250,201.9,Sutter Maternity & Surgery Center,2019
401,81000000,OFLOXACIN 0.3% SOLN 5 ML BOTTLE,250,104.7,Sutter Maternity & Surgery Center,2019
402,81000008,ONDANSETRON 2MG/ML SOLN,250,75.0,Sutter Maternity & Surgery Center,2019
403,81000008,ONDANSETRON 2MG/ML SOLN 2 ML VIAL,636,75.0,Sutter Maternity & Surgery Center,2019
404,81000000,ONDANSETRON ODT 4MG TBDP,250,89.17,Sutter Maternity & Surgery Center,2019
405,81000000,OXYBUTYNIN 24HR-XL 5MG TB24,250,19.12,Sutter Maternity & Surgery Center,2019
406,81000000,OXYCODONE 5MG TABS,250,40.0,Sutter Maternity & Surgery Center,2019
407,81000000,OXYCODONE 5MG/5ML SOLN,250,56.06,Sutter Maternity & Surgery Center,2019
408,81000000,OXYCODONE ER 10MG T12A,250,40.0,Sutter Maternity & Surgery Center,2019
409,81000000,OXYCODONE/ACETAMINOPHEN 10MG/325MG TABS,250,40.0,Sutter Maternity & Surgery Center,2019
410,81000000,OXYCODONE/ACETAMINOPHEN 5MG/325MG TABS,250,40.0,Sutter Maternity & Surgery Center,2019
411,81000000,OXYMETAZOLINE 0.05% SOLN 15 ML BOTTLE,250,2.0,Sutter Maternity & Surgery Center,2019
412,81000008,OXYTOCIN (PITOCIN) 15 UNITS IN LACTATED RINGERS 15 UNITS/250ML SOLN,250,75.0,Sutter Maternity & Surgery Center,2019
413,81000008,OXYTOCIN 10 UNITS/ML SOLN,250,75.0,Sutter Maternity & Surgery Center,2019
414,81000008,"OXYTOCIN 20 UNITS/1,000ML SOLN",250,77.0,Sutter Maternity & Surgery Center,2019
415,81000000,PALIPERIDONE 24HR-ER 3MG TB24,250,100.0,Sutter Maternity & Surgery Center,2019
416,81000008,PANTOPRAZOLE 40MG SOLR,250,75.0,Sutter Maternity & Surgery Center,2019
417,81000000,PANTOPRAZOLE 40MG TBEC,250,28.97,Sutter Maternity & Surgery Center,2019
418,81000000,PAROXETINE HCL 10MG TABS,250,15.0,Sutter Maternity & Surgery Center,2019
419,82000001,PCA TKO 0.9% NACL,258,75.0,Sutter Maternity & Surgery Center,2019
420,82000001,PCA TKO D5W - 0.45% NACL,258,75.0,Sutter Maternity & Surgery Center,2019
421,81000000,PHENAZOPYRIDINE 100MG TABS,250,2.0,Sutter Maternity & Surgery Center,2019
422,81000000,PHENYLEPHRINE 0.5% SOLN 15 ML BOTTLE,250,2.0,Sutter Maternity & Surgery Center,2019
423,81000000,PHENYLEPHRINE 1% SOLN 15 ML BOTTLE,250,2.0,Sutter Maternity & Surgery Center,2019
424,81000008,"PHENYLEPHRINE 1,000MCG/10ML SOSY",250,75.0,Sutter Maternity & Surgery Center,2019
425,81000000,PHENYLEPHRINE 10% SOLN 5 ML BOTTLE,250,30.0,Sutter Maternity & Surgery Center,2019
426,81000008,PHENYLEPHRINE 10MG/ML SOLN,250,75.0,Sutter Maternity & Surgery Center,2019
427,81000000,PHENYLEPHRINE 2.5% SOLN 15 ML BOTTLE,250,432.0,Sutter Maternity & Surgery Center,2019
428,81000000,PHENYLEPHRINE 2.5% SOLN 2 ML BOTTLE,250,203.15,Sutter Maternity & Surgery Center,2019
429,81000008,PHYTONADIONE 1MG/0.5ML SOLN,250,189.0,Sutter Maternity & Surgery Center,2019
430,81000000,PILOCARPINE 2% SOLN 15 ML BOTTLE,250,403.26,Sutter Maternity & Surgery Center,2019
431,81000008,PIPERACILLIN/TAZOBACTAM 3.375G,250,152.28,Sutter Maternity & Surgery Center,2019
432,81000008,PIPERACILLIN/TAZOBACTAM 3.375G/100ML,250,152.28,Sutter Maternity & Surgery Center,2019
433,81000008,PIPERACILLIN/TAZOBACTAM 4.5G,250,163.7,Sutter Maternity & Surgery Center,2019
434,81000007,PNEUMOCOCCAL POLYVALENT 25MCG/0.5 ML INJ,636,781.5,Sutter Maternity & Surgery Center,2019
435,81000000,POLYETHYLENE GLYCOL PACK,250,2.0,Sutter Maternity & Surgery Center,2019
436,81000000,"POLYMYXIN B SULFATE 500,000 UNITS SOLR 1 EACH VIAL",250,92.4,Sutter Maternity & Surgery Center,2019
437,81000000,POLYVINYL ALCOHOL 1.4% SOLN 15 ML BOTTLE,250,2.0,Sutter Maternity & Surgery Center,2019
438,81000000,PORACTANT ALFA 240MG/3ML SUSP,250,1685.5,Sutter Maternity & Surgery Center,2019
439,81000000,POTASSIUM CHLORIDE 10% SOLN,250,2.0,Sutter Maternity & Surgery Center,2019
440,81000000,POTASSIUM CHLORIDE 10MEQ TBCR,250,15.0,Sutter Maternity & Surgery Center,2019
441,81000008,POTASSIUM CHLORIDE 10MEQ/100ML SOLN,250,75.0,Sutter Maternity & Surgery Center,2019
442,81000008,POTASSIUM CHLORIDE 2MEQ/ML SOLN 10 ML VIAL,250,75.0,Sutter Maternity & Surgery Center,2019
443,81000000,POTASSIUM CHLORIDE CR 10MEQ TBCR,250,15.0,Sutter Maternity & Surgery Center,2019
444,81000000,POTASSIUM CITRATE CR 10MEQ TBCR,250,15.17,Sutter Maternity & Surgery Center,2019
445,81000000,POVIDONE/IODINE 10 % SOLN 118 ML BOTTLE,250,2.0,Sutter Maternity & Surgery Center,2019
446,81000000,POVIDONE/IODINE 5% SOLN 30 ML BOTTLE,250,77.25,Sutter Maternity & Surgery Center,2019
447,81000000,PRAMOXINE 1 % FOAM 15 G CAN,250,2.0,Sutter Maternity & Surgery Center,2019
448,81000008,PREDNISONE 5MG TABS,250,15.0,Sutter Maternity & Surgery Center,2019
449,81000008,PROCHLORPERAZINE 10MG/2ML SOLN,250,155.4,Sutter Maternity & Surgery Center,2019
450,80000001,PROCHLORPERAZINE 25MG SUPP,250,55.0,Sutter Maternity & Surgery Center,2019
451,81000008,PROCHLORPERAZINE 5MG/ML SOLN,250,155.4,Sutter Maternity & Surgery Center,2019
452,81000000,PROGESTERONE 100MG CAPS,250,44.32,Sutter Maternity & Surgery Center,2019
453,80000001,PROMETHAZINE 25MG SUPP,250,70.82,Sutter Maternity & Surgery Center,2019
454,80000003,PROMETHAZINE 25MG TABS,250,15.0,Sutter Maternity & Surgery Center,2019
455,81000008,PROMETHAZINE 25MG/ML SOLN,636,75.0,Sutter Maternity & Surgery Center,2019
456,81000008,PROPOFOL 10MG/ML,636,75.0,Sutter Maternity & Surgery Center,2019
457,81000008,PROPOFOL 10MG/ML EMUL,636,75.0,Sutter Maternity & Surgery Center,2019
458,81000008,PROPOFOL 200MG/20ML EMUL,636,75.0,Sutter Maternity & Surgery Center,2019
459,81000008,PROPOFOL 500MG/50ML EMUL,636,75.0,Sutter Maternity & Surgery Center,2019
460,81000008,PROTAMINE 10MG/ML SOLN,250,287.46,Sutter Maternity & Surgery Center,2019
461,81000000,PSEUDOEPHEDRINE 30MG TABS,250,2.0,Sutter Maternity & Surgery Center,2019
462,81000000,PSYLLIUM POWD,250,2.0,Sutter Maternity & Surgery Center,2019
463,81000000,QUETIAPINE 100MG TABS,250,15.0,Sutter Maternity & Surgery Center,2019
464,81000000,QUETIAPINE 25MG TABS,250,21.98,Sutter Maternity & Surgery Center,2019
465,81000000,RACEMIC EPINEPHRINE 2.25 % NEBU,250,2.0,Sutter Maternity & Surgery Center,2019
466,81000008,RANITIDINE 50MG/2ML SOLN,636,108.29,Sutter Maternity & Surgery Center,2019
467,81000000,REMIFENTANIL 1MG SOLR,250,588.39,Sutter Maternity & Surgery Center,2019
468,81000000,RISPERIDONE 2MG TABS,250,38.82,Sutter Maternity & Surgery Center,2019
469,81000000,RIVAROXABAN 10MG TABS,250,107.52,Sutter Maternity & Surgery Center,2019
470,80000037,ROCURONIUM 10 MG/ML SOLN 5 ML VIAL,250,177.87,Sutter Maternity & Surgery Center,2019
471,80000008,ROCURONIUM 50MG/5ML SOLN 5 ML VIAL,250,177.87,Sutter Maternity & Surgery Center,2019
472,81000000,ROPINIROLE 1MG TABS,250,37.09,Sutter Maternity & Surgery Center,2019
473,81000008,ROPIVACAINE 2MG/ML SOLN,250,114.24,Sutter Maternity & Surgery Center,2019
474,81000008,ROPIVACAINE 5MG/ML (0.5%) SOLN,636,182.28,Sutter Maternity & Surgery Center,2019
475,81000008,ROPIVACAINE 5MG/ML (0.5%) SOLN 30 ML VIAL,636,182.28,Sutter Maternity & Surgery Center,2019
476,81000008,ROPIVACAINE PF 10MG/ML (1%) SOLN,250,75.0,Sutter Maternity & Surgery Center,2019
477,81000008,ROPIVACAINE PF 2MG/ML SOLN,250,114.24,Sutter Maternity & Surgery Center,2019
478,81000008,ROPIVACAINE PF 5MG/ML (0.5%) SOLN,636,182.28,Sutter Maternity & Surgery Center,2019
479,81000008,ROPIVACAINE PF 5MG/ML (0.5%) SOLN 30 ML VIAL,636,182.28,Sutter Maternity & Surgery Center,2019
480,81000000,SALINE 0.65% SOLN 44 ML BOTTLE,250,2.0,Sutter Maternity & Surgery Center,2019
481,81000000,SCOPOLAMINE 1.5MG PATCH (1MG/72 HRS) PT72,250,100.0,Sutter Maternity & Surgery Center,2019
482,81000000,SEA-BAND ADULT DEVI,250,2.0,Sutter Maternity & Surgery Center,2019
483,81000000,SENNOSIDES 8.6MG TABS,250,2.0,Sutter Maternity & Surgery Center,2019
484,81000000,SERTRALINE 50MG TABS,250,15.0,Sutter Maternity & Surgery Center,2019
485,81000000,SILVER NITRATE-POTASSIUM NITRATE MISC,250,15.0,Sutter Maternity & Surgery Center,2019
486,81000000,SILVER SULFADIAZINE 1% CREA 20 G TUBE,250,64.87,Sutter Maternity & Surgery Center,2019
487,81000000,SIMETHICONE 80MG CHEW,250,2.0,Sutter Maternity & Surgery Center,2019
488,81000000,SIMVASTATIN 10MG TABS,250,15.34,Sutter Maternity & Surgery Center,2019
489,81000000,SIMVASTATIN 40MG TABS,250,15.0,Sutter Maternity & Surgery Center,2019
490,81000000,SODIUM & POTASSIUM BICARBONATE TBEF,250,2.0,Sutter Maternity & Surgery Center,2019
491,81000000,SODIUM BICARBONATE 4.2% (0.5MEQ/ML) SOLN 10 ML SYRINGE,250,90.79,Sutter Maternity & Surgery Center,2019
492,81000000,SODIUM BICARBONATE 8.4% SOLN,250,227.18,Sutter Maternity & Surgery Center,2019
493,81000000,SODIUM CITRATE/CITRIC ACID 500MG/334MG/5ML SOLN,250,21.28,Sutter Maternity & Surgery Center,2019
494,81000008,SODIUM FERRIC GLUCONATE COMPLEX 12.5MG/ML SOLN 5 ML VIAL,636,496.08,Sutter Maternity & Surgery Center,2019
495,81000000,SODIUM PHOSPHATES ENEM,250,2.0,Sutter Maternity & Surgery Center,2019
496,81000092,SORBITOL/MANNITOL 2.7-0.54 GM/100ML SOLN,250,126.0,Sutter Maternity & Surgery Center,2019
497,81000092,"SORBITOL/MANNITOL 2.7-0.54 GM/100ML SOLN 3,000 ML PLAS CONT",250,126.0,Sutter Maternity & Surgery Center,2019
498,81000092,STERILE WATER FOR IRRIGATION SOLN,250,75.0,Sutter Maternity & Surgery Center,2019
499,81000092,"STERILE WATER FOR IRRIGATION SOLN 1,000 ML PLAS CONT",250,75.0,Sutter Maternity & Surgery Center,2019
500,81000008,SUCCINYLCHOLINE 20MG/ML SOLN 10 ML VIAL,636,161.14,Sutter Maternity & Surgery Center,2019
501,81000000,SUCROSE 24%,250,2.0,Sutter Maternity & Surgery Center,2019
502,81000000,SUGAMMADEX 500MG/5ML SOLN,250,570.02,Sutter Maternity & Surgery Center,2019
503,81000000,SULFAMETHOXAZOLE/TRIMETHOPRIM 800MG/160MG TABS,250,15.0,Sutter Maternity & Surgery Center,2019
504,81000009,SUMATRIPTAN 6MG/0.5ML SOLN,636,552.5,Sutter Maternity & Surgery Center,2019
505,81000000,TAMSULOSIN 0.4MG CAPS,250,15.0,Sutter Maternity & Surgery Center,2019
506,81000000,TEMAZEPAM 7.5MG CAPS,250,40.0,Sutter Maternity & Surgery Center,2019
507,81000000,TERAZOSIN 2MG CAPS,250,15.0,Sutter Maternity & Surgery Center,2019
508,81000008,TERBUTALINE 1MG/ML SOLN,636,75.0,Sutter Maternity & Surgery Center,2019
509,81000008,TETANUS-DIPHTHERIA-ACELLULAR PERTUSSIS (7 + YEARS) (BOOSTER) 5-2 LFU-15.5MCG/0.5ML SUSP,636,351.98,Sutter Maternity & Surgery Center,2019
510,81000000,TETRACAINE 0.5% SOLN 4 ML PLAS CONT,250,65.0,Sutter Maternity & Surgery Center,2019
511,81000000,"THROMBIN RECOMBINANT 5,000 UNIT SOLR 1 EACH BOX",250,412.8,Sutter Maternity & Surgery Center,2019
512,81000000,TIMOLOL MALEATE 0.5% SOLN 5 ML BOTTLE,250,85.0,Sutter Maternity & Surgery Center,2019
513,81000008,TOBRAMYCIN 40 MG/ML SOLN 2 ML VIAL,250,75.0,Sutter Maternity & Surgery Center,2019
514,81000000,TOBRAMYCIN/DEXAMETHASONE 0.3%/0.1% OINT 3.5 G TUBE,250,1095.4,Sutter Maternity & Surgery Center,2019
515,81000000,TOPIRAMATE 25MG TABS,250,23.1,Sutter Maternity & Surgery Center,2019
516,81000000,TRAMADOL 50MG TABS,250,40.0,Sutter Maternity & Surgery Center,2019
517,81000000,"TRANEXAMIC ACID 1,000MG/10ML SOLN",250,564.0,Sutter Maternity & Surgery Center,2019
518,81000000,TRANEXAMIC ACID 1000MG/100ML SOLN,250,564.0,Sutter Maternity & Surgery Center,2019
519,81000000,TRANEXAMIC ACID 650MG TABS,250,55.0,Sutter Maternity & Surgery Center,2019
520,81000000,TRAZODONE 50MG TABS,250,15.0,Sutter Maternity & Surgery Center,2019
521,81000000,TRIAMCINOLONE 0.1% CREA 15 G TUBE,250,30.0,Sutter Maternity & Surgery Center,2019
522,81000008,TRIAMCINOLONE ACETONIDE 10MG/ML SUSP,636,75.0,Sutter Maternity & Surgery Center,2019
523,81000008,TRIAMCINOLONE ACETONIDE 40MG/ML SUSP 1 ML VIAL,636,975.0,Sutter Maternity & Surgery Center,2019
524,81000000,TRIAMTERENE/HYDROCHLOROTHIAZIDE 37.5MG/25MG CAPS,250,15.0,Sutter Maternity & Surgery Center,2019
525,81000000,TRIHEXYPHENIDYL 2MG TABS,250,15.0,Sutter Maternity & Surgery Center,2019
526,81000000,TROPICAMIDE 1% SOLN 15 ML BOTTLE,250,65.0,Sutter Maternity & Surgery Center,2019
527,80000037,TRYPAN BLUE 0.06% SOLN,250,181.98,Sutter Maternity & Surgery Center,2019
528,81000000,URSODIOL 300MG CAPS,250,42.04,Sutter Maternity & Surgery Center,2019
529,81000000,VALACYCLOVIR 500MG TABS,250,43.7,Sutter Maternity & Surgery Center,2019
530,81000008,"VANCOMYCIN 1,000MG SOLR 1 EACH VIAL",250,75.0,Sutter Maternity & Surgery Center,2019
531,81000008,VANCOMYCIN 1G,250,134.74,Sutter Maternity & Surgery Center,2019
532,81000008,VANCOMYCIN 500MG/100ML SOLR,250,75.0,Sutter Maternity & Surgery Center,2019
533,81000000,VASOPRESSIN 20 UNITS/ML SOLN,250,2006.95,Sutter Maternity & Surgery Center,2019
534,81000000,VASOPRESSIN 20 UNITS/ML SOLN 1 ML VIAL,250,2006.95,Sutter Maternity & Surgery Center,2019
535,81000000,VENLAFAXINE 24HR-ER 37.5MG CP24,250,20.58,Sutter Maternity & Surgery Center,2019
536,81000000,VERAPAMIL 2.5MG/ML SOLN,250,121.55,Sutter Maternity & Surgery Center,2019
537,81000000,VERAPAMIL SR 240MG TBCR,250,15.0,Sutter Maternity & Surgery Center,2019
538,81000000,VITAMIN A & D OINT 5 G BOX,250,2.0,Sutter Maternity & Surgery Center,2019
539,81000000,WARFARIN 2MG TABS,250,15.0,Sutter Maternity & Surgery Center,2019
540,81000000,WARFARIN 7.5MG TABS,250,20.35,Sutter Maternity & Surgery Center,2019
541,81000000,ZOLPIDEM 5MG TABS,250,40.0,Sutter Maternity & Surgery Center,2019
